lval,op,rval,Estimate,Est. Std,Std. Err,z-value,p-value
RecoveryPerformance,~,AdminResources,-0.13910995910066323,-0.1696124817885615,0.0373779231089561,-3.7217145182582247,0.00019787466167131562
RecoveryPerformance,~,AdminBurdenCapacity,0.10386310713249604,0.07675021909638102,0.060436494989931734,1.7185494815356235,0.08569643715586373
RecoveryPerformance,~,state_level,-0.1334514908727909,-0.038053876362709176,0.20010753120682928,-0.6668988921470915,0.5048367186464184
RecoveryPerformance,~,z_E_TOTPOP,-0.015454798449448187,-0.019784856213309346,0.04492882804443642,-0.3439840103066741,0.7308583110908948
RecoveryPerformance,~,z_SPL_THEME1,0.008069548960375466,0.0103304398572075,0.05293028346323686,0.15245618259021373,0.8788271476082035
RecoveryPerformance,~,z_SPL_THEME2,0.041292338033855486,0.052861444514041116,0.04447490752417321,0.9284412342056841,0.3531787377123756
RecoveryPerformance,~,z_SPL_THEME3,-0.17669125781912653,-0.2261958408279986,0.04128001411938035,-4.280310014038787,1.8663315173750306e-05
RecoveryPerformance,~,z_SPL_THEME4,-0.02150308071881287,-0.027527719727725507,0.04853103810130258,-0.4430789358654301,0.657708640516357
RecoveryTimeliness,~,AdminResources,0.045560069129502556,0.07959507607379514,0.02536471295608471,1.7961988849070343,0.07246289201761469
RecoveryTimeliness,~,AdminBurdenCapacity,0.25147337987136437,0.26626407480508585,0.05111383522045694,4.919869127053864,8.660209880329006e-07
RecoveryTimeliness,~,state_level,-0.25967972306102804,-0.10610009043602392,0.13273884790419488,-1.9563204529731735,0.05042741628372194
RecoveryTimeliness,~,z_E_TOTPOP,0.008862326117186169,0.016256218267607647,0.029036152368383,0.3052169586536196,0.7602009171297297
RecoveryTimeliness,~,z_SPL_THEME1,-0.10580595432733908,-0.19408050040296382,0.03638064619022806,-2.9083033262023408,0.003633956740102251
RecoveryTimeliness,~,z_SPL_THEME2,-0.08677130634267734,-0.15916513075913213,0.030453405570803928,-2.8493137208607235,0.004381365413168359
RecoveryTimeliness,~,z_SPL_THEME3,-0.013980408164152552,-0.025644347046310932,0.026045417141094804,-0.5367703687708387,0.5914262418359795
RecoveryTimeliness,~,z_SPL_THEME4,0.006095581256829351,0.01118116147709737,0.03134883519518387,0.19444362824591882,0.8458285313496494
z_avg_employment,~,AdminResources,1.0,0.9525876756513292,-,-,-
z_avg_payroll,~,AdminResources,1.041424472929528,0.9920288274307768,0.034960393713419614,29.788694070112445,0.0
z_rev_programs_per_staff,~,AdminBurdenCapacity,1.0,0.5771856541825784,-,-,-
z_rev_disasters_per_staff,~,AdminBurdenCapacity,1.7323307922703863,0.9999999999999999,0.20879709498415272,8.296718842728966,0.0
z_Ratio_disbursed_to_obligated,~,RecoveryPerformance,1.0,0.7854427115422719,-,-,-
z_Ratio_expended_to_disbursed,~,RecoveryPerformance,-0.16781245743258758,-0.1311095063085131,0.053906833962656095,-3.113008965537217,0.0018519039191788877
z_Ratio_obligated_funds_fully_expended,~,RecoveryPerformance,1.254315405131151,0.9881092516024483,0.06818950621622177,18.394551811761968,0.0
z_Ratio_Program_Completed,~,RecoveryPerformance,0.6091109697262908,0.47674964564760486,0.05162615584679966,11.798495544042169,0.0
z_rev_Duration_of_completion,~,RecoveryTimeliness,1.0,0.5451074272217402,-,-,-
z_rev_Average_Duration_Program_Completion,~,RecoveryTimeliness,1.834173791872445,0.9999999999999999,0.2155568892072889,8.509001028030768,0.0
AdminResources,~~,AdminBurdenCapacity,0.22082598476641865,0.40167183660832373,0.03700422737917266,5.967588040623165,2.4078636862157055e-09
AdminResources,~~,AdminResources,0.9071102334929895,0.9999999999999999,0.06494674824897688,13.966984613326076,0.0
RecoveryPerformance,~~,RecoveryTimeliness,-0.13047267218090333,-0.3063803475109717,0.02343708301595136,-5.5669330558984775,2.592619385843875e-08
RecoveryPerformance,~~,RecoveryPerformance,0.556572428318596,0.9121385139889646,0.05396967907272105,10.31268738060002,0.0
AdminBurdenCapacity,~~,AdminBurdenCapacity,0.33319426767253385,1.0000000000000002,0.056247638100964156,5.9237023796186525,3.1477291884129954e-09
RecoveryTimeliness,~~,RecoveryTimeliness,0.23820135590822558,0.8014710105603706,0.03809003853171912,6.253639142517853,4.009970133722618e-10
z_Ratio_Program_Completed,~~,z_Ratio_Program_Completed,0.7696431087215792,0.7727097753748833,0.04663712325332327,16.502799808738914,0.0
z_Ratio_disbursed_to_obligated,~~,z_Ratio_disbursed_to_obligated,0.3788969054534439,0.38307974688512353,0.03454860772662193,10.967067282150197,0.0
z_Ratio_expended_to_disbursed,~~,z_Ratio_expended_to_disbursed,0.9824503756658057,0.9828102973555379,0.058069981967235,16.918386098401378,0.0
z_Ratio_obligated_funds_fully_expended,~~,z_Ratio_obligated_funds_fully_expended,0.023244162976440087,0.023640106897649418,0.04133013545301675,0.5624022936557073,0.5738419566907309
z_avg_employment,~~,z_avg_employment,0.09254478273066259,0.09257672019719813,0.028104695386030363,3.2928584158706014,0.0009917440259115118
z_avg_payroll,~~,z_avg_payroll,0.01587394495502755,0.01587880554631782,0.029913707502025523,0.530657891651245,0.5956558707381259
z_rev_Average_Duration_Program_Completion,~~,z_rev_Average_Duration_Program_Completion,0.0,0.0,0.09839047583915587,0.0,1.0
z_rev_Duration_of_completion,~~,z_rev_Duration_of_completion,0.7030071436033538,0.7028578927876954,0.0507973767671862,13.839437946009033,0.0
z_rev_disasters_per_staff,~~,z_rev_disasters_per_staff,0.0,0.0,0.10503292756633904,0.0,1.0
z_rev_programs_per_staff,~~,z_rev_programs_per_staff,0.6669587844270181,0.6668567206058292,0.052703182610670536,12.655000160831415,0.0
