source,model,capacity_set,variable,p_value,effect_ratio,effect_lower,effect_upper,n,events,interpretation,bonferroni,rank,bh_raw,bh_fdr,sig_bonferroni,sig_bh_fdr
capacity_sets,Cox_PH,velocity_index_winsor,Capacity_Velocity_Index_winsor,0.0005407517111734,8.761628135860796e+17,59968117.65943459,1.2801156779185675e+28,151,40,Hazard Ratio (>1 = faster completion),0.2579385662297118,28,0.009212091651061136,0.009212091651061136,False,True
capacity_sets,Cox_PH,velocity_index_scaled,Capacity_Velocity_Index_scaled,0.0005666878004822,2.6161893510277636,1.514215849566057,4.520126190986937,151,40,Hazard Ratio (>1 = faster completion),0.2703100808300094,29,0.009321037270000325,0.009321037270000325,False,True
capacity_sets,Cox_PH,velocity,Expenditure_Velocity,0.000930414154662,1.0210677768260388e+18,22271097.49856609,4.6813113046610825e+28,151,40,Hazard Ratio (>1 = faster completion),0.44380755177377396,31,0.014316372637863676,0.013448713690114363,False,True
capacity_sets,Cox_PH,velocity_scaled,Expenditure_Velocity_scaled,0.000930414154662,2.046600915866931,1.3393754947894685,3.1272599245857844,151,40,Hazard Ratio (>1 = faster completion),0.44380755177377396,32,0.013868985992930436,0.013448713690114363,False,True
capacity_sets,Cox_PH,velocity_pp,Expenditure_Velocity_pp,0.000930414154662,1.5138768425043498,1.1843427782211395,1.935101168694772,151,40,Hazard Ratio (>1 = faster completion),0.44380755177377396,33,0.013448713690114363,0.013448713690114363,False,True
capacity_sets,Cox_PH,velocity_winsor,Expenditure_Velocity_winsor,0.0011612321951407,4.733083587685447e+18,25508437.386908665,8.782223665144728e+29,151,40,Hazard Ratio (>1 = faster completion),0.5539077570821138,35,0.015825935916631822,0.015825935916631822,False,True
capacity_sets,Cox_PH,ratio_velocity_index_pp_threshold_interaction,Ratio_disbursed_to_obligated_high_x_Capacity_Velocity_Index_pp,0.0027101231175875,1.4854699154855362,1.1469328387297832,1.9239320693410584,151,40,Hazard Ratio (>1 = faster completion),1.0,40,0.03231821817723094,0.031208205383897056,False,True
capacity_sets,Cox_PH,velocity_index,Capacity_Velocity_Index,0.0027478922979532,39951638674816.81,50048.36596736848,3.1891819082441223e+22,151,40,Hazard Ratio (>1 = faster completion),1.0,41,0.031969381124967715,0.031208205383897056,False,True
capacity_sets,Cox_PH,velocity_index_pp,Capacity_Velocity_Index_pp,0.0027478922979532,1.3677771557047682,1.1142788800824204,1.6789462504480444,151,40,Hazard Ratio (>1 = faster completion),1.0,42,0.031208205383897056,0.031208205383897056,False,True
capacity_sets,Cox_PH,quartiles_velocity_winsor,Capacity_Velocity_Index_winsor_Q4,0.0044933018643154,3.132313278572349,1.4249796853648975,6.885281647091155,156,41,Hazard Ratio (>1 = faster completion),1.0,45,0.04762899976174324,0.04659358672344448,False,True
capacity_sets,Cox_PH,quartiles_velocity,Capacity_Velocity_Index_Q4,0.0044933018643154,3.132313278572349,1.4249796853648975,6.885281647091155,156,41,Hazard Ratio (>1 = faster completion),1.0,46,0.04659358672344448,0.04659358672344448,False,True
capacity_sets,Cox_PH,quartiles_velocity_pp,Capacity_Velocity_Index_pp_Q4,0.0044933018643154,3.132313278572349,1.4249796853648975,6.885281647091155,156,41,Hazard Ratio (>1 = faster completion),1.0,44,0.04871147702905559,0.04659358672344448,False,True
capacity_sets,Cox_PH,ratio_velocity_index_pp_threshold_q75_interaction,Capacity_Velocity_Index_pp_c,0.0046628420062747,1.352149538184646,1.0971440197273012,1.6664251372097747,151,40,Hazard Ratio (>1 = faster completion),1.0,47,0.047322885893468766,0.047322885893468766,False,True
capacity_sets,Cox_PH,ratio_velocity_index_pp_threshold_q33_interaction,Ratio_disbursed_to_obligated_high_q33_x_Capacity_Velocity_Index_pp,0.0052079342429451,1.4273513590330096,1.1120502705399664,1.832050183436522,151,40,Hazard Ratio (>1 = faster completion),1.0,48,0.05175384653926693,0.04984725407514502,False,True
capacity_sets,Cox_PH,ratios,Ratio_disbursed_to_obligated,0.0059457503912585,4.367096047559034,1.527721086089919,12.4836451249212,152,41,Hazard Ratio (>1 = faster completion),1.0,54,0.05252079512278342,0.05252079512278342,False,False
capacity_sets,Cox_PH,ratio_velocity_index_pp_spline_q75_interaction,Capacity_Velocity_Index_pp_c,0.0070228417791245,1.3339230695644242,1.0818171896113764,1.644779517836443,151,40,Hazard Ratio (>1 = faster completion),1.0,58,0.057756819459351495,0.057756819459351495,False,False
capacity_sets,Cox_PH,ratio_velocity_index_pp_spline_q67_interaction,Capacity_Velocity_Index_pp_c,0.0082823214151575,1.3272033387833837,1.0756700956452578,1.6375547759567637,151,40,Hazard Ratio (>1 = faster completion),1.0,59,0.06696046296661234,0.06600369537186115,False,False
capacity_sets,Cox_PH,ratio_velocity_index_pp_interaction,Capacity_Velocity_Index_pp_c,0.0085564494342158,1.322007834949778,1.073647761207981,1.627819457009088,151,40,Hazard Ratio (>1 = faster completion),1.0,60,0.0680237730020156,0.06600369537186115,False,False
capacity_sets,Cox_PH,ratio_velocity_pp_interaction,Ratio_disbursed_to_obligated_c,0.0085749644345816,4.372251517593517,1.4553482163811782,13.135401629606887,151,40,Hazard Ratio (>1 = faster completion),1.0,61,0.06705341041467908,0.06600369537186115,False,False
capacity_sets,Cox_PH,ratio_velocity_index_pp_interaction,Ratio_disbursed_to_obligated_c,0.0091369981961846,4.331773304476966,1.4387791487658363,13.041793090673435,151,40,Hazard Ratio (>1 = faster completion),1.0,64,0.06809918968093835,0.06809918968093835,False,False
capacity_sets,Cox_PH,quartiles_velocity_scaled,Capacity_Velocity_Index_scaled_Q4,0.0093842305148435,2.789072173841962,1.2863653665304464,6.047211619106827,156,41,Hazard Ratio (>1 = faster completion),1.0,65,0.06886581470123615,0.06886581470123615,False,False
capacity_sets,Cox_PH,ratio_velocity_index_pp_threshold_q67_interaction,Capacity_Velocity_Index_pp_c,0.0111006535535234,1.310907966193063,1.0637302464870475,1.6155220757364803,151,40,Hazard Ratio (>1 = faster completion),1.0,68,0.07786781977986268,0.07778388531307422,False,False
capacity_sets,Cox_PH,ratio_velocity_index_pp_threshold_q25_interaction,Ratio_disbursed_to_obligated_high_q25_x_Capacity_Velocity_Index_pp,0.011251756994973,1.3413618472016224,1.0688674255424488,1.683325323732296,151,40,Hazard Ratio (>1 = faster completion),1.0,69,0.07778388531307422,0.07778388531307422,False,False
capacity_sets,Cox_PH,ratio_velocity_index_pp_spline_q25_interaction,Ratio_disbursed_to_obligated_above_q25_x_Capacity_Velocity_Index_pp,0.0116882515251272,1.6580187628691176,1.1191722200143062,2.4563031219546345,151,40,Hazard Ratio (>1 = faster completion),1.0,70,0.07964708539265249,0.07964708539265249,False,False
capacity_sets,Cox_PH,velocity_index_fixed_18m_pp,Capacity_Velocity_Index_fixed_18m_pp,0.013610992107638,1.1491964672031874,1.029010623299668,1.2834197143635189,151,40,Hazard Ratio (>1 = faster completion),1.0,74,0.08773571939653144,0.08773571939653144,False,False
capacity_sets,Cox_PH,velocity_index_fixed_18m_scaled,Capacity_Velocity_Index_fixed_18m_scaled,0.013610992107638,1.4455790042251713,1.0787281310299406,1.9371875056799064,151,40,Hazard Ratio (>1 = faster completion),1.0,73,0.08893757856634693,0.08773571939653144,False,False
capacity_sets,Cox_PH,ratio_velocity_index_pp_spline_interaction,Capacity_Velocity_Index_pp_c,0.0148759598692531,1.2995498422364016,1.0524802560234114,1.604618977687587,151,40,Hazard Ratio (>1 = faster completion),1.0,76,0.09336622181097011,0.09081330860326003,False,False
capacity_sets,Cox_PH,ratio_velocity_index_pp_spline_q33_interaction,Ratio_disbursed_to_obligated_above_q33_x_Capacity_Velocity_Index_pp,0.0149608638524742,1.7596526920866749,1.1162039245054185,2.774025004561656,151,40,Hazard Ratio (>1 = faster completion),1.0,78,0.09149143663628453,0.09081330860326003,False,False
capacity_sets,Cox_PH,ratio_velocity_index_pp_threshold_q75_interaction,Ratio_disbursed_to_obligated_high_q75,0.015386586300858,2.02653690107619,1.1445537803693524,3.588168491390756,151,40,Hazard Ratio (>1 = faster completion),1.0,80,0.09174252081886583,0.09174252081886583,False,False
capacity_sets,Cox_PH,velocity_index_early_6q_pp,Capacity_Velocity_Index_early_6q_pp,0.0163766591546784,1.1503608008575097,1.026035386119705,1.2897508117669745,125,40,Hazard Ratio (>1 = faster completion),1.0,81,0.09644032613310613,0.09526422459489751,False,False
capacity_sets,Cox_PH,velocity_index_early_6q_scaled,Capacity_Velocity_Index_early_6q_scaled,0.0163766591546784,1.3591872894707295,1.0579257523592804,1.746237941310081,125,40,Hazard Ratio (>1 = faster completion),1.0,82,0.09526422459489751,0.09526422459489751,False,False
capacity_sets,Cox_PH,ratio_velocity_index_pp_threshold_q25_interaction,Capacity_Velocity_Index_pp_c,0.0204603983537323,1.2795360536969551,1.0387888293442649,1.5760782812266736,151,40,Hazard Ratio (>1 = faster completion),1.0,83,0.117585662828076,0.117585662828076,False,False
capacity_sets,Cox_PH,ratio_velocity_index_pp_spline_q33_interaction,Capacity_Velocity_Index_pp_c,0.0238942410651271,1.2752634059917751,1.0326942300586046,1.5748095683360723,151,40,Hazard Ratio (>1 = faster completion),1.0,85,0.13408885868312503,0.13369586360567673,False,False
capacity_sets,Cox_PH,velocity_early_6q_pp,Disbursement_Velocity_early_6q_pp,0.0243068081240191,1.1963877491215489,1.023542040414313,1.3984219404107154,125,40,Hazard Ratio (>1 = faster completion),1.0,86,0.13481799389717572,0.13369586360567673,False,False
capacity_sets,Cox_PH,ratio_velocity_pp_threshold_q75_interaction,Ratio_disbursed_to_obligated_high_q75,0.0243847801544945,1.9397124172507616,1.0894402895091122,3.4535938296646975,151,40,Hazard Ratio (>1 = faster completion),1.0,87,0.13369586360567673,0.13369586360567673,False,False
capacity_sets,Cox_PH,ratio_velocity_index_pp_spline_q25_interaction,Capacity_Velocity_Index_pp_c,0.0262084286474203,1.2703218230794855,1.0287268608513156,1.5686550002753574,151,40,Hazard Ratio (>1 = faster completion),1.0,88,0.14206159619113048,0.14206159619113048,False,False
capacity_sets,Cox_PH,ratio_velocity_index_pp_threshold_q33_interaction,Capacity_Velocity_Index_pp_c,0.03005761164617,1.260885645604448,1.0226250141077946,1.5546584421058978,151,40,Hazard Ratio (>1 = faster completion),1.0,90,0.159305341724701,0.159305341724701,False,False
capacity_sets,Cox_PH,velocity_index_fixed_12m_pp,Capacity_Velocity_Index_fixed_12m_pp,0.031488554993556,1.121202583430219,1.01020446000342,1.244396835355826,150,39,Hazard Ratio (>1 = faster completion),1.0,92,0.1632613123035458,0.1632613123035458,False,False
capacity_sets,Cox_PH,velocity_index_fixed_12m_scaled,Capacity_Velocity_Index_fixed_12m_scaled,0.031488554993556,1.3656552116911236,1.028042396892394,1.814141287223916,150,39,Hazard Ratio (>1 = faster completion),1.0,91,0.1650553926585298,0.1632613123035458,False,False
capacity_sets,Cox_PH,ratio_velocity_index_pp_threshold_q67_interaction,Ratio_disbursed_to_obligated_high_q67_x_Capacity_Velocity_Index_pp,0.0367670046551818,1.3495730833149264,1.018599932403101,1.7880891695242884,151,40,Hazard Ratio (>1 = faster completion),1.0,93,0.18857915290883565,0.18698215367159282,False,False
capacity_sets,Cox_PH,ratio_velocity_index_pp_threshold_interaction,Capacity_Velocity_Index_pp_c,0.0368476361533118,1.250070518907905,1.0137245549646614,1.54151963133334,151,40,Hazard Ratio (>1 = faster completion),1.0,94,0.18698215367159282,0.18698215367159282,False,False
capacity_sets,Cox_PH,velocity_early_3q_pp,Disbursement_Velocity_early_3q_pp,0.0417853542461857,1.1010845646965004,1.0035867878846458,1.208054184499922,146,40,Hazard Ratio (>1 = faster completion),1.0,96,0.2076209789107352,0.2055499605691413,False,False
capacity_sets,Cox_PH,velocity_index_early_4q_pp,Capacity_Velocity_Index_early_4q_pp,0.0482623614985138,1.117072540182196,1.000846059773623,1.2467961959218288,139,40,Hazard Ratio (>1 = faster completion),1.0,99,0.2325368326746574,0.23021146434791132,False,False
capacity_sets,Cox_PH,velocity_index_early_4q_scaled,Capacity_Velocity_Index_early_4q_scaled,0.0482623614985139,1.3064699160329394,1.0020441559939703,1.7033816636613237,139,40,Hazard Ratio (>1 = faster completion),1.0,100,0.23021146434791132,0.23021146434791132,False,False
capacity_sets,Cox_PH,ratio_velocity_index_pp_spline_interaction,Ratio_disbursed_to_obligated_above_x_Capacity_Velocity_Index_pp,0.0490302720405391,2.039484626820954,1.0030331743939176,4.146919213865863,151,40,Hazard Ratio (>1 = faster completion),1.0,101,0.2315588095379916,0.2315588095379916,False,False
capacity_sets,Cox_PH,velocity_early_4q_pp,Disbursement_Velocity_early_4q_pp,0.053158458458213,1.104365563953658,0.9986490227486228,1.221273211172692,139,40,Hazard Ratio (>1 = faster completion),1.0,103,0.24618043383075341,0.24618043383075341,False,False
capacity_sets,Cox_PH,ratio_velocity_pp_threshold_q75_interaction,Disbursement_Velocity_pp_c,0.0550760968033514,1.137840264089068,0.9971975980595664,1.2983188779250785,151,40,Hazard Ratio (>1 = faster completion),1.0,104,0.2526086362999867,0.2526086362999867,False,False
capacity_sets,Cox_PH,quartiles_ratio,Capacity_Index_Q4,0.0582599724443066,2.0901474983662864,0.9745471280311238,4.4828171355375686,156,41,Hazard Ratio (>1 = faster completion),1.0,105,0.26466673196127855,0.26466673196127855,False,False
capacity_sets,Cox_PH,ratio_velocity_pp_spline_q75_interaction,Disbursement_Velocity_pp_c,0.0649297212012273,1.132293831856787,0.992340645847982,1.291985093047706,151,40,Hazard Ratio (>1 = faster completion),1.0,106,0.29218374540552283,0.2911491885138817,False,False
capacity_sets,Cox_PH,ratio_velocity_pp_spline_q67_interaction,Disbursement_Velocity_pp_c,0.0656088315412979,1.1319513832457733,0.9920290607592276,1.291609273070482,151,40,Hazard Ratio (>1 = faster completion),1.0,107,0.2924804920112065,0.2911491885138817,False,False
capacity_sets,Cox_PH,ratio_velocity_pp_threshold_q67_interaction,Disbursement_Velocity_pp_c,0.0659205709842751,1.1313949556585412,0.9919100175383174,1.2904946245692537,151,40,Hazard Ratio (>1 = faster completion),1.0,108,0.2911491885138817,0.2911491885138817,False,False
capacity_sets,Cox_PH,ratio_velocity_pp_threshold_interaction,Ratio_disbursed_to_obligated_high_x_Disbursement_Velocity_pp,0.0675206144035875,1.1480251706988105,0.9900995573712276,1.331140674436113,151,40,Hazard Ratio (>1 = faster completion),1.0,109,0.29548011991294715,0.29548011991294715,False,False
capacity_sets,Cox_PH,ratio_velocity_pp_interaction,Disbursement_Velocity_pp_c,0.0684524540566726,1.1303275583386607,0.9907676793264556,1.2895458903225472,151,40,Hazard Ratio (>1 = faster completion),1.0,110,0.2968347325912076,0.2968347325912076,False,False
capacity_sets,Cox_PH,ratio_velocity_pp_spline_interaction,Disbursement_Velocity_pp_c,0.0708200247168104,1.1292260241615546,0.9897381821135652,1.2883724571690796,151,40,Hazard Ratio (>1 = faster completion),1.0,111,0.30433470081007713,0.30433470081007713,False,False
capacity_sets,Cox_PH,ratio_velocity_index_pp_spline_interaction,Ratio_disbursed_to_obligated_above,0.0727713921957809,4.954059283507761,0.8626199880267053,28.451350218132937,151,40,Hazard Ratio (>1 = faster completion),1.0,112,0.30992816140524543,0.3066195569991004,False,False
capacity_sets,Cox_PH,ratio_velocity_pp_threshold_q33_interaction,Ratio_disbursed_to_obligated_high_q33_x_Disbursement_Velocity_pp,0.0729285781309885,1.1411869175311598,0.9877991332695474,1.3183931194935563,151,40,Hazard Ratio (>1 = faster completion),1.0,113,0.3078489537033762,0.3066195569991004,False,False
capacity_sets,Cox_PH,ratio_velocity_pp_spline_interaction,Ratio_disbursed_to_obligated_above,0.0732801456978982,4.909053112164381,0.8606874467696408,27.99948174973293,151,40,Hazard Ratio (>1 = faster completion),1.0,114,0.3066195569991004,0.3066195569991004,False,False
capacity_sets,Cox_PH,ratio_velocity_pp_spline_q33_interaction,Disbursement_Velocity_pp_c,0.0781356006872882,1.1257461427307849,0.9867515682591096,1.284319598406213,151,40,Hazard Ratio (>1 = faster completion),1.0,115,0.32409288285075194,0.32263786315485843,False,False
capacity_sets,Cox_PH,ratio_velocity_index_pp_spline_q67_interaction,Ratio_disbursed_to_obligated_above_q67,0.0788000906461262,6.957839859491145,0.7999246439993298,60.52012008066639,151,40,Hazard Ratio (>1 = faster completion),1.0,116,0.32403140722588103,0.32263786315485843,False,False
capacity_sets,Cox_PH,ratio_velocity_pp_spline_q25_interaction,Disbursement_Velocity_pp_c,0.0800023046335238,1.1249045681870402,0.9860278195058704,1.2833413647114018,151,40,Hazard Ratio (>1 = faster completion),1.0,118,0.32339914669653264,0.32339914669653264,False,False
capacity_sets,Cox_PH,ratio_velocity_pp_threshold_q25_interaction,Ratio_disbursed_to_obligated_high_q25_x_Disbursement_Velocity_pp,0.0830033501059663,1.1307521613867126,0.984076309896469,1.2992899408535086,151,40,Hazard Ratio (>1 = faster completion),1.0,119,0.3327109075676128,0.3327109075676128,False,False
capacity_sets,Cox_PH,ratio_velocity_index_pp_spline_q75_interaction,Ratio_disbursed_to_obligated_above_q75,0.0851240215622763,8.448551252098909,0.7442918039231996,95.90058345813422,151,40,Hazard Ratio (>1 = faster completion),1.0,121,0.33557155607608097,0.3342781516779249,False,False
capacity_sets,Cox_PH,ratio_velocity_pp_spline_q67_interaction,Ratio_disbursed_to_obligated_above_q67,0.0854967180392177,6.621868070720949,0.7678377480777793,57.10729494063873,151,40,Hazard Ratio (>1 = faster completion),1.0,122,0.3342781516779249,0.3342781516779249,False,False
capacity_sets,Cox_PH,ratio_velocity_pp_threshold_q25_interaction,Disbursement_Velocity_pp_c,0.08686573438848,1.121860019721933,0.9834958910948124,1.2796900477636723,151,40,Hazard Ratio (>1 = faster completion),1.0,123,0.33686955531142243,0.33686955531142243,False,False
capacity_sets,Cox_PH,ratio_velocity_pp_threshold_q33_interaction,Disbursement_Velocity_pp_c,0.0891453447334688,1.120924104814226,0.9826893046063988,1.278604379699476,151,40,Hazard Ratio (>1 = faster completion),1.0,124,0.3429220115956824,0.3429220115956824,False,False
capacity_sets,Cox_PH,ratio_velocity_pp_threshold_interaction,Disbursement_Velocity_pp_c,0.0910314866551659,1.120094257668625,0.9820449172385464,1.2775496558651538,151,40,Hazard Ratio (>1 = faster completion),1.0,125,0.3473761530761131,0.3473761530761131,False,False
capacity_sets,Cox_PH,ratio_velocity_pp_spline_q75_interaction,Ratio_disbursed_to_obligated_above_q75,0.0945284556888409,7.816993098287802,0.7017478435487251,87.07597987002057,151,40,Hazard Ratio (>1 = faster completion),1.0,126,0.3578577251077549,0.3578577251077549,False,False
capacity_sets,Cox_PH,velocity_winsor,Disbursement_Velocity_winsor,0.0953180165359169,2049015.5922611156,0.0785572338497486,53444663102055.03,151,40,Hazard Ratio (>1 = faster completion),1.0,127,0.3580054636821446,0.3580054636821446,False,False
capacity_sets,Cox_PH,ratio_velocity_index_pp_interaction,Ratio_disbursed_to_obligated_x_Capacity_Velocity_Index_pp,0.1033928718710882,1.670239547465009,0.9008987181244708,3.0965746646014036,151,40,Hazard Ratio (>1 = faster completion),1.0,130,0.3793723067885313,0.3793723067885313,False,False
capacity_sets,Cox_PH,ratio_velocity_pp_spline_q33_interaction,Ratio_disbursed_to_obligated_above_q33,0.1044179490019499,3.2338608901219374,0.7842904496348055,13.33416244138866,151,40,Hazard Ratio (>1 = faster completion),1.0,131,0.38020886773992446,0.38020886773992446,False,False
capacity_sets,Cox_PH,ratio_velocity_index_pp_spline_q33_interaction,Ratio_disbursed_to_obligated_above_q33,0.1080679220765739,3.210853162435436,0.7739293891382302,13.321083519261808,151,40,Hazard Ratio (>1 = faster completion),1.0,132,0.3905181729585284,0.3905181729585284,False,False
capacity_sets,Cox_PH,quartiles_velocity_winsor,Capacity_Velocity_Index_winsor_Q2,0.1123128387029131,0.5749574663123477,0.2903674942547524,1.1384748451845823,156,41,Hazard Ratio (>1 = faster completion),1.0,133,0.4028061959495455,0.39630161626991645,False,False
capacity_sets,Cox_PH,quartiles_velocity,Capacity_Velocity_Index_Q2,0.1123128387029131,0.5749574663123477,0.2903674942547524,1.1384748451845823,156,41,Hazard Ratio (>1 = faster completion),1.0,134,0.3998001795618623,0.39630161626991645,False,False
capacity_sets,Cox_PH,quartiles_velocity_pp,Capacity_Velocity_Index_pp_Q2,0.1123128387029131,0.5749574663123477,0.2903674942547524,1.1384748451845823,156,41,Hazard Ratio (>1 = faster completion),1.0,135,0.396838696750293,0.39630161626991645,False,False
capacity_sets,Cox_PH,ratio_velocity_pp_spline_q25_interaction,Ratio_disbursed_to_obligated_above_q25_x_Disbursement_Velocity_pp,0.1149962636565661,1.187649221573964,0.9589834759945788,1.4708393927667809,151,40,Hazard Ratio (>1 = faster completion),1.0,137,0.40038845083344543,0.40038845083344543,False,False
capacity_sets,Cox_PH,ratio_velocity_index_pp_threshold_q67_interaction,Ratio_disbursed_to_obligated_high_q67,0.1187758822950799,1.6516719323293174,0.8792558221189863,3.1026466966917496,151,40,Hazard Ratio (>1 = faster completion),1.0,138,0.4105514192373414,0.4105514192373414,False,False
capacity_sets,Cox_PH,quartiles_velocity_scaled,Capacity_Velocity_Index_scaled_Q2,0.120971272530917,0.5785946112645198,0.2897583739414274,1.155347883930397,156,41,Hazard Ratio (>1 = faster completion),1.0,139,0.41513163307372236,0.4147811204312417,False,False
capacity_sets,Cox_PH,velocity_fixed_18m_pp,Disbursement_Velocity_fixed_18m_pp,0.1217386936276181,1.0888849205987134,0.9775601463905432,1.212887385686836,151,40,Hazard Ratio (>1 = faster completion),1.0,140,0.4147811204312417,0.4147811204312417,False,False
capacity_sets,Cox_PH,velocity_index_early_3q_pp,Capacity_Velocity_Index_early_3q_pp,0.1248801044021824,1.082298880743597,0.9783174375886364,1.1973320951388189,146,40,Hazard Ratio (>1 = faster completion),1.0,141,0.42246673616908514,0.42138107225520777,False,False
capacity_sets,Cox_PH,ratio_velocity_pp_spline_q25_interaction,Ratio_disbursed_to_obligated_above_q25,0.1254425833547998,2.827229113711728,0.7482286605843383,10.682863250890168,151,40,Hazard Ratio (>1 = faster completion),1.0,142,0.42138107225520777,0.42138107225520777,False,False
capacity_sets,Cox_PH,ratio_velocity_pp_spline_q33_interaction,Ratio_disbursed_to_obligated_above_q33_x_Disbursement_Velocity_pp,0.1270134549416365,1.2120205771035024,0.946782907928174,1.551563581282721,151,40,Hazard Ratio (>1 = faster completion),1.0,143,0.4236742517983259,0.4236742517983259,False,False
capacity_sets,Cox_PH,ratio_velocity_index_pp_spline_q25_interaction,Ratio_disbursed_to_obligated_above_q25,0.1299114310525762,2.805529247452119,0.7382535226060247,10.6616414514688,151,40,Hazard Ratio (>1 = faster completion),1.0,144,0.4303316153616586,0.4303316153616586,False,False
capacity_sets,Cox_PH,ratio_velocity_pp_threshold_q67_interaction,Ratio_disbursed_to_obligated_high_q67,0.1350648157143299,1.624889641159535,0.8596557656368429,3.071306506031078,151,40,Hazard Ratio (>1 = faster completion),1.0,145,0.44431666962576116,0.44431666962576116,False,False
capacity_sets,Cox_PH,ratio_velocity_index_pp_threshold_q75_interaction,Ratio_disbursed_to_obligated_high_q75_x_Capacity_Velocity_Index_pp,0.1549661817916904,1.2454997163487087,0.920341895423468,1.6855361590498317,151,40,Hazard Ratio (>1 = faster completion),1.0,150,0.49279245809757544,0.49279245809757544,False,False
capacity_sets,Cox_PH,velocity_early_2q_pp,Disbursement_Velocity_early_2q_pp,0.1577872038244215,1.060292222684085,0.9775674854748811,1.1500173790438988,151,40,Hazard Ratio (>1 = faster completion),1.0,152,0.4951611593700596,0.4951611593700596,False,False
capacity_sets,Cox_PH,ratio_velocity_pp_spline_q25_interaction,Ratio_disbursed_to_obligated_c,0.160603902346623,2.5223957689478445,0.6926362895575617,9.185889493705533,151,40,Hazard Ratio (>1 = faster completion),1.0,153,0.5007062837865305,0.5007062837865305,False,False
capacity_sets,Cox_PH,ratio_velocity_index_pp_spline_q25_interaction,Ratio_disbursed_to_obligated_c,0.165631516045116,2.5034344760004816,0.6840906459878187,9.161335873227834,151,40,Hazard Ratio (>1 = faster completion),1.0,155,0.5097176332485183,0.5097176332485183,False,False
capacity_sets,Cox_PH,ratio_velocity_pp_threshold_interaction,Ratio_disbursed_to_obligated_high,0.1717348438887803,1.7695312580073816,0.7805408005542734,4.011629976090483,151,40,Hazard Ratio (>1 = faster completion),1.0,156,0.5251123111214628,0.5251123111214628,False,False
capacity_sets,Cox_PH,ratio_velocity_index_pp_spline_q67_interaction,Ratio_disbursed_to_obligated_above_q67_x_Capacity_Velocity_Index_pp,0.1797889063349518,2.1090702981508804,0.7088473789131596,6.275226028714972,151,40,Hazard Ratio (>1 = faster completion),1.0,157,0.5462376326227516,0.5374909346641491,False,False
capacity_sets,Cox_PH,velocity,Disbursement_Velocity,0.1802904602647038,8579.857757345426,0.0151196418519057,4868763417.633603,151,40,Hazard Ratio (>1 = faster completion),1.0,158,0.5442946173814159,0.5374909346641491,False,False
capacity_sets,Cox_PH,velocity_scaled,Disbursement_Velocity_scaled,0.1802904602647039,1.3912606471533622,0.8582799056984394,2.2552155485248844,151,40,Hazard Ratio (>1 = faster completion),1.0,159,0.5408713807941117,0.5374909346641491,False,False
capacity_sets,Cox_PH,velocity_pp,Disbursement_Velocity_pp,0.1802904602647041,1.094800030605221,0.9589487889866776,1.249896887903411,151,40,Hazard Ratio (>1 = faster completion),1.0,160,0.5374909346641491,0.5374909346641491,False,False
capacity_sets,Cox_PH,ratio_velocity_pp_spline_interaction,Ratio_disbursed_to_obligated_above_x_Disbursement_Velocity_pp,0.1970852609658583,1.2905809431075137,0.8758918067963225,1.9016037800426573,151,40,Hazard Ratio (>1 = faster completion),1.0,163,0.5767464385319903,0.573352218565162,False,False
capacity_sets,Cox_PH,ratio_velocity_pp_spline_q33_interaction,Ratio_disbursed_to_obligated_c,0.1971273875150662,2.3757947664750994,0.6378595961250915,8.848970536305204,151,40,Hazard Ratio (>1 = faster completion),1.0,164,0.573352218565162,0.573352218565162,False,False
capacity_sets,Cox_PH,ratio_velocity_index_pp_spline_q33_interaction,Ratio_disbursed_to_obligated_c,0.2034629637872761,2.3542567094257234,0.6291701948690717,8.809261308109832,151,40,Hazard Ratio (>1 = faster completion),1.0,165,0.5881929316759437,0.5881929316759437,False,False
capacity_sets,Cox_PH,ratio_velocity_pp_threshold_q67_interaction,Ratio_disbursed_to_obligated_high_q67_x_Disbursement_Velocity_pp,0.2069399184137278,1.102143135407992,0.9476349221436666,1.2818433159672025,151,40,Hazard Ratio (>1 = faster completion),1.0,166,0.5946406089358323,0.5912746868086873,False,False
capacity_sets,Cox_PH,ratio_velocity_index_pp_threshold_interaction,Ratio_disbursed_to_obligated_high,0.2123625680973795,1.6930073286355645,0.7401048998463876,3.872793999078562,151,40,Hazard Ratio (>1 = faster completion),1.0,168,0.6029580058479167,0.6029580058479167,False,False
capacity_sets,Cox_PH,velocity_fixed_12m_pp,Disbursement_Velocity_fixed_12m_pp,0.2346642168036041,1.0631296377047734,0.961036957501664,1.1760678064915375,150,39,Hazard Ratio (>1 = faster completion),1.0,172,0.650783903577437,0.650783903577437,False,False
capacity_sets,Cox_PH,ratio_velocity_index_pp_spline_q75_interaction,Ratio_disbursed_to_obligated_above_q75_x_Capacity_Velocity_Index_pp,0.2562570614776044,2.135334471428233,0.5763314145115803,7.911512699223293,151,40,Hazard Ratio (>1 = faster completion),1.0,173,0.7065584874266896,0.7065584874266896,False,False
capacity_sets,Cox_PH,velocity_index_early_2q_pp,Capacity_Velocity_Index_early_2q_pp,0.2702542984110916,1.0418761073116731,0.9685966767995302,1.1206995119719902,151,40,Hazard Ratio (>1 = faster completion),1.0,174,0.7408695421959236,0.7404083775830171,False,False
capacity_sets,Cox_PH,ratio_velocity_pp_spline_q75_interaction,Ratio_disbursed_to_obligated_c,0.2716382936625325,2.1430881416068877,0.550580494881948,8.341789847969146,151,40,Hazard Ratio (>1 = faster completion),1.0,175,0.7404083775830171,0.7404083775830171,False,False
capacity_sets,Cox_PH,ratio_velocity_index_pp_spline_q75_interaction,Ratio_disbursed_to_obligated_c,0.2825804211535874,2.1144298156084305,0.5395605686486526,8.286027009592646,151,40,Hazard Ratio (>1 = faster completion),1.0,177,0.7615302875155998,0.7615302875155998,False,False
capacity_sets,Cox_PH,quartiles_ratio,Capacity_Index_Q2,0.2978151970975688,0.6162796096983271,0.2477576652808962,1.532951793436227,156,41,Hazard Ratio (>1 = faster completion),1.0,178,0.7980778034580917,0.7980778034580917,False,False
capacity_sets,Cox_PH,ratio_velocity_pp_spline_q67_interaction,Ratio_disbursed_to_obligated_c,0.3019836107323878,2.069470822298531,0.5201065344183241,8.234292786062852,151,40,Hazard Ratio (>1 = faster completion),1.0,180,0.8002565684408276,0.8002565684408276,False,False
capacity_sets,Cox_PH,velocity_fixed_12m_pp,Expenditure_Velocity_fixed_12m_pp,0.3070310608281278,1.0642341597729754,0.9444069416633326,1.199265165112948,150,39,Hazard Ratio (>1 = faster completion),1.0,181,0.8091371050553424,0.8091371050553424,False,False
capacity_sets,Cox_PH,ratio_velocity_pp_spline_interaction,Ratio_disbursed_to_obligated_c,0.3103574245416785,2.041785007094685,0.5141260625441368,8.108684462653066,151,40,Hazard Ratio (>1 = faster completion),1.0,182,0.8134092939911023,0.8134092939911023,False,False
capacity_sets,Cox_PH,ratio_velocity_index_pp_spline_q67_interaction,Ratio_disbursed_to_obligated_c,0.3138063377284019,2.0390135311325164,0.5097336626335667,8.156369659129732,151,40,Hazard Ratio (>1 = faster completion),1.0,183,0.8179542245707525,0.8179542245707525,False,False
capacity_sets,Cox_PH,ratio_velocity_index_pp_spline_interaction,Ratio_disbursed_to_obligated_c,0.3220687275022242,2.011749361565722,0.5043138098356299,8.025034045923045,151,40,Hazard Ratio (>1 = faster completion),1.0,184,0.8349281685791357,0.8279803103193594,False,False
capacity_sets,Cox_PH,ratio_velocity_pp_interaction,Ratio_disbursed_to_obligated_x_Disbursement_Velocity_pp,0.3238843959015883,1.197552997853701,0.8370299075289573,1.7133595463777047,151,40,Hazard Ratio (>1 = faster completion),1.0,186,0.8306067572314926,0.8279803103193594,False,False
capacity_sets,Cox_PH,absolute_index,Capacity_Absolute_Index,0.3263046705900389,0.9562720485263472,0.8745965959949089,1.0455748798707871,156,41,Hazard Ratio (>1 = faster completion),1.0,187,0.8323386517189763,0.8279803103193594,False,False
capacity_sets,Cox_PH,ratio_velocity_pp_spline_q67_interaction,Ratio_disbursed_to_obligated_above_q67_x_Disbursement_Velocity_pp,0.3364956894537155,1.3583124344426345,0.7274077422697584,2.536421545094381,151,40,Hazard Ratio (>1 = faster completion),1.0,191,0.8403583448660852,0.8403583448660852,False,False
capacity_sets,Cox_PH,quartiles_absolute,Capacity_Absolute_Index_Q4,0.3558291017700759,0.6969430053454668,0.3238578443926403,1.4998233364113922,156,41,Hazard Ratio (>1 = faster completion),1.0,192,0.8840129247100322,0.8781260493061502,False,False
capacity_sets,Cox_PH,velocity_fixed_18m_pp,Expenditure_Velocity_fixed_18m_pp,0.3571414120867781,1.065116524062006,0.9312853098655828,1.2181800763008643,151,40,Hazard Ratio (>1 = faster completion),1.0,194,0.8781260493061502,0.8781260493061502,False,False
capacity_sets,Cox_PH,ratio_velocity_pp_spline_q75_interaction,Ratio_disbursed_to_obligated_above_q75_x_Disbursement_Velocity_pp,0.3973829891301822,1.3943580039446044,0.6456788204323147,3.0111476195899045,151,40,Hazard Ratio (>1 = faster completion),1.0,195,0.9720599272569074,0.9720599272569074,False,False
capacity_sets,Cox_PH,ratio_velocity_pp_threshold_q75_interaction,Ratio_disbursed_to_obligated_high_q75_x_Disbursement_Velocity_pp,0.4399014506617347,1.0627297772954742,0.910691745272324,1.2401502324068672,151,40,Hazard Ratio (>1 = faster completion),1.0,198,1.059762585685088,0.9999999119155442,False,False
capacity_sets,Cox_PH,pca,Capacity_PCA1,0.494604415812079,1.0902273488644108,0.8508582099385352,1.396937419570511,151,40,Hazard Ratio (>1 = faster completion),1.0,203,1.1621985534106487,0.9999999119155442,False,False
time_varying,lag2,,Ratio_disbursed_to_obligated_lag2,0.5838908148304116,1.0713795616598587,0.8371244725165585,1.3711869654124418,,,Hazard Ratio (>1 = faster completion),1.0,211,1.3199806572232529,0.9999999119155442,False,False
capacity_sets,Cox_PH,velocity_early_3q_pp,Expenditure_Velocity_early_3q_pp,0.5972728013548064,0.966986741984672,0.8537567544471683,1.095233922664086,146,40,Hazard Ratio (>1 = faster completion),1.0,212,1.3438638030483143,0.9999999119155442,False,False
time_varying,full_covariates,,Ratio_disbursed_to_obligated_lag1,0.6010620919212899,1.0669095676178226,0.8369333115542776,1.3600797217170235,,,Hazard Ratio (>1 = faster completion),1.0,213,1.3460404593730295,0.9999999119155442,False,False
time_varying,capacity_only,,Ratio_disbursed_to_obligated_lag1,0.6014458980368493,1.0666622880437726,0.8372528476023913,1.3589305070660076,,,Hazard Ratio (>1 = faster completion),1.0,214,1.3406060437550333,0.9999999119155442,False,False
time_varying,lag0,,Ratio_disbursed_to_obligated_lag0,0.6048678164210975,1.065070584967001,0.8388165185193543,1.3523521841991188,,,Hazard Ratio (>1 = faster completion),1.0,215,1.3419625508505282,0.9999999119155442,False,False
capacity_sets,Cox_PH,ratios,Ratio_expended_to_disbursed,0.6260380798912495,0.9578229050386032,0.8054050941649968,1.1390848208723194,152,41,Hazard Ratio (>1 = faster completion),1.0,218,1.3698172665510366,0.9999999119155442,False,False
capacity_sets,Cox_PH,quartiles_velocity_scaled,Capacity_Velocity_Index_scaled_Q3,0.6551877129596462,1.1728481704644416,0.5825624008826872,2.3612454715195264,156,41,Hazard Ratio (>1 = faster completion),1.0,221,1.414138185890277,0.9999999119155442,False,False
capacity_sets,Cox_PH,velocity_early_2q_pp,Expenditure_Velocity_early_2q_pp,0.6634660398310702,0.9784298132092704,0.8868958133366162,1.0794107774341029,151,40,Hazard Ratio (>1 = faster completion),1.0,222,1.4255554099072993,0.9999999119155442,False,False
capacity_sets,Cox_PH,velocity_early_6q_pp,Expenditure_Velocity_early_6q_pp,0.7298864935245903,0.9722999186450354,0.8289881104371949,1.140386840166587,125,40,Hazard Ratio (>1 = faster completion),1.0,227,1.533726244102333,0.9999999119155442,False,False
capacity_sets,Cox_PH,quartiles_velocity,Capacity_Velocity_Index_Q3,0.756933220740108,1.1165070103470216,0.555623419309225,2.243584162999926,156,41,Hazard Ratio (>1 = faster completion),1.0,244,1.4797424028402932,0.9999999119155442,False,False
capacity_sets,Cox_PH,quartiles_velocity_winsor,Capacity_Velocity_Index_winsor_Q3,0.756933220740108,1.1165070103470216,0.555623419309225,2.243584162999926,156,41,Hazard Ratio (>1 = faster completion),1.0,245,1.4737026379307412,0.9999999119155442,False,False
capacity_sets,Cox_PH,quartiles_velocity_pp,Capacity_Velocity_Index_pp_Q3,0.756933220740108,1.1165070103470216,0.555623419309225,2.243584162999926,156,41,Hazard Ratio (>1 = faster completion),1.0,246,1.4677119768009412,0.9999999119155442,False,False
capacity_sets,Cox_PH,ratio_velocity_pp_threshold_q33_interaction,Ratio_disbursed_to_obligated_high_q33,0.7641177445006476,1.1669548415919435,0.425685980701127,3.1990332405872257,151,40,Hazard Ratio (>1 = faster completion),1.0,254,1.434977024121295,0.9999999119155442,False,False
capacity_sets,Cox_PH,ratio_velocity_pp_threshold_q25_interaction,Ratio_disbursed_to_obligated_high_q25,0.7784176258112931,1.1726506447292842,0.3867003443588115,3.556008042516946,151,40,Hazard Ratio (>1 = faster completion),1.0,259,1.433610839814621,0.9999999119155442,False,False
capacity_sets,Cox_PH,quartiles_absolute,Capacity_Absolute_Index_Q2,0.793721674193492,1.1091392808120304,0.5102547409249447,2.4109329038476903,156,41,Hazard Ratio (>1 = faster completion),1.0,260,1.4561739945780603,0.9999999119155442,False,False
capacity_sets,Cox_PH,ratio_velocity_index_pp_threshold_q33_interaction,Ratio_disbursed_to_obligated_high_q33,0.8309089539445862,1.118308500889554,0.4007127995429107,3.120973187251331,151,40,Hazard Ratio (>1 = faster completion),1.0,261,1.5185577434159678,0.9999999119155442,False,False
capacity_sets,Cox_PH,ratio_velocity_index_pp_threshold_q25_interaction,Ratio_disbursed_to_obligated_high_q25,0.8401417962305888,1.1232950830784196,0.3629637114725909,3.476358114558891,151,40,Hazard Ratio (>1 = faster completion),1.0,262,1.5295711328320263,0.9999999119155442,False,False
time_varying,velocity_pp_roll4_only_lag2,,Expenditure_Velocity_pp_roll4_lag2,0.8824363121325494,1.000642630515748,0.9921587305285396,1.0091990759100355,,,Hazard Ratio (>1 = faster completion),1.0,265,1.588385361838589,0.9999999119155442,False,False
time_varying,velocity_pp_roll4_full_lag2,,Expenditure_Velocity_pp_roll4_lag2,0.8825735970444643,1.0006424594690069,0.9921508626659892,1.0092067339453288,,,Hazard Ratio (>1 = faster completion),1.0,266,1.5826601721436446,0.9999999119155442,False,False
time_varying,velocity_pp_roll4_only_lag1,,Expenditure_Velocity_pp_roll4_lag1,0.8998798593536587,1.0005514427150783,0.99199512984907,1.0091815568404456,,,Hazard Ratio (>1 = faster completion),1.0,285,1.5061147119708604,0.9999999119155442,False,False
time_varying,velocity_pp_roll4_full_lag1,,Expenditure_Velocity_pp_roll4_lag1,0.899966611742132,1.0005513721769788,0.9919887227764588,1.0091879326644624,,,Hazard Ratio (>1 = faster completion),1.0,286,1.500993265038451,0.9999999119155442,False,False
time_varying,velocity_index_roll4_only_lag2,,Capacity_Velocity_Index_pp_roll4_lag2_scaled,0.9108900925443096,1.0066670992483175,0.8960765503690622,1.1309063363968703,,,Hazard Ratio (>1 = faster completion),1.0,321,1.3535656515378058,0.9999999119155442,False,False
time_varying,velocity_index_roll4_full_lag2,,Capacity_Velocity_Index_pp_roll4_lag2_scaled,0.9109958797809952,1.0066699349826047,0.8959103679530516,1.1311224808272184,,,Hazard Ratio (>1 = faster completion),1.0,322,1.3495187411662568,0.9999999119155442,False,False
time_varying,velocity_index_cum_full_lag2,,Capacity_Velocity_Index_pp_cum_lag2_scaled,0.930400877396877,1.005063283117561,0.8973695745462043,1.1256813599701996,,,Hazard Ratio (>1 = faster completion),1.0,350,1.2680034814808867,0.9999999119155442,False,False
time_varying,velocity_index_cum_only_lag2,,Capacity_Velocity_Index_pp_cum_lag2_scaled,0.9307666957792174,1.0050087830888563,0.8978800889982651,1.1249193143514464,,,Hazard Ratio (>1 = faster completion),1.0,351,1.2648880737512442,0.9999999119155442,False,False
time_varying,velocity_index_roll4_only_lag1,,Capacity_Velocity_Index_pp_roll4_lag1_scaled,0.933296330487345,1.0049066802343074,0.896079380430576,1.1269508684535277,,,Hazard Ratio (>1 = faster completion),1.0,355,1.2540347877252493,0.9999999119155442,False,False
time_varying,velocity_index_roll4_full_lag1,,Capacity_Velocity_Index_pp_roll4_lag1_scaled,0.9333837241461632,1.0049076686188607,0.8959245500564095,1.1271478411719067,,,Hazard Ratio (>1 = faster completion),1.0,356,1.2506293157801118,0.9999999119155442,False,False
time_varying,velocity_index_cum_full_lag1,,Capacity_Velocity_Index_pp_cum_lag1_scaled,0.9352375740228648,1.0046047300411896,0.8992253655029072,1.122333401990614,,,Hazard Ratio (>1 = faster completion),1.0,357,1.2496031451229874,0.9999999119155442,False,False
time_varying,velocity_pp_cum_full_lag2,,Disbursement_Velocity_pp_cum_lag2,0.9354087812074852,1.000460040536182,0.9893930323499542,1.011650840447426,,,Hazard Ratio (>1 = faster completion),1.0,358,1.2463407503798056,0.9999999119155442,False,False
time_varying,velocity_index_cum_only_lag1,,Capacity_Velocity_Index_pp_cum_lag1_scaled,0.9355821780524484,1.0045540924926222,0.8997451410458318,1.1215719637793211,,,Hazard Ratio (>1 = faster completion),1.0,359,1.2430994399192699,0.9999999119155442,False,False
time_varying,velocity_pp_cum_only_lag2,,Disbursement_Velocity_pp_cum_lag2,0.9367108598103436,1.0004468709604484,0.9894745777989782,1.0115408359868885,,,Hazard Ratio (>1 = faster completion),1.0,360,1.2411418892487054,0.9999999119155442,False,False
capacity_sets,Cox_PH,velocity_early_4q_pp,Expenditure_Velocity_early_4q_pp,0.9375871384501938,1.0050418979276243,0.8861622851505437,1.1398693371591198,139,40,Hazard Ratio (>1 = faster completion),1.0,361,1.238861676013137,0.9999999119155442,False,False
time_varying,velocity_index_cum_full_lag0,,Capacity_Velocity_Index_pp_cum_lag0_scaled,0.9378362922160453,1.0043219144628766,0.9011624540068592,1.119290426920849,,,Hazard Ratio (>1 = faster completion),1.0,362,1.2357677110139602,0.9999999119155442,False,False
time_varying,velocity_index_cum_only_lag0,,Capacity_Velocity_Index_pp_cum_lag0_scaled,0.9381849947547636,1.0042725719083214,0.9016852500267788,1.118531548184249,,,Hazard Ratio (>1 = faster completion),1.0,363,1.2328216046777472,0.9999999119155442,False,False
time_varying,velocity_pp_cum_only_lag2,,Expenditure_Velocity_pp_cum_lag2,0.9390631124679324,1.0002402236264425,0.9940994324610328,1.0064189479350631,,,Hazard Ratio (>1 = faster completion),1.0,364,1.2305854523274828,0.9999999119155442,False,False
time_varying,velocity_pp_cum_full_lag2,,Expenditure_Velocity_pp_cum_lag2,0.9393411323419564,1.0002397619310912,0.9940826789600002,1.0064349802318842,,,Hazard Ratio (>1 = faster completion),1.0,365,1.2275773154167484,0.9999999119155442,False,False
time_varying,velocity_pp_cum_full_lag1,,Disbursement_Velocity_pp_cum_lag1,0.939723298612782,1.000425247045623,0.9894610764374434,1.011510911101082,,,Hazard Ratio (>1 = faster completion),1.0,366,1.2247213481920685,0.9999999119155442,False,False
time_varying,velocity_pp_cum_only_lag1,,Disbursement_Velocity_pp_cum_lag1,0.9409348556529596,1.000413024528498,0.9895446816900336,1.0114007362830304,,,Hazard Ratio (>1 = faster completion),1.0,367,1.2229589268295962,0.9999999119155442,False,False
time_varying,velocity_pp_cum_full_lag0,,Disbursement_Velocity_pp_cum_lag0,0.9413720087830456,1.0004121605783969,0.9894858592498412,1.0114591145262968,,,Hazard Ratio (>1 = faster completion),1.0,368,1.2202023048628063,0.9999999119155442,False,False
time_varying,velocity_pp_cum_only_lag0,,Disbursement_Velocity_pp_cum_lag0,0.9425299766746708,1.0004003762218665,0.9895717644995872,1.011347482464744,,,Hazard Ratio (>1 = faster completion),1.0,369,1.2183924088721354,0.9999999119155442,False,False
time_varying,velocity_pp_cum_only_lag1,,Expenditure_Velocity_pp_cum_lag1,0.9436315849684072,1.0002215372626924,0.9940985866207082,1.0063822009897456,,,Hazard Ratio (>1 = faster completion),1.0,371,1.213240609245095,0.9999999119155442,False,False
time_varying,velocity_pp_cum_full_lag1,,Expenditure_Velocity_pp_cum_lag1,0.9438929650281548,1.0002211120864173,0.9940814485415228,1.0063986955306314,,,Hazard Ratio (>1 = faster completion),1.0,372,1.210314366447392,0.9999999119155442,False,False
capacity_sets,Cox_PH,quartiles_absolute,Capacity_Absolute_Index_Q3,0.9441015174906364,1.0274458903550117,0.4820118963225645,2.1900809205359533,156,41,Hazard Ratio (>1 = faster completion),1.0,373,1.2073362569518327,0.9999999119155442,False,False
capacity_sets,Cox_PH,quartiles_ratio,Capacity_Index_Q3,0.945937493712717,0.9733535384808494,0.4459060448089233,2.124701205338383,156,41,Hazard Ratio (>1 = faster completion),1.0,374,1.2064496911790534,0.9999999119155442,False,False
time_varying,velocity_pp_cum_only_lag0,,Expenditure_Velocity_pp_cum_lag0,0.94635729485751,1.000210371014649,0.9941001131544708,1.0063581857070054,,,Hazard Ratio (>1 = faster completion),1.0,375,1.2037664790587526,0.9999999119155442,False,False
time_varying,velocity_pp_cum_full_lag0,,Expenditure_Velocity_pp_cum_lag0,0.946580148087809,1.0002100818634991,0.9940827821212904,1.0063751488850594,,,Hazard Ratio (>1 = faster completion),1.0,376,1.2008476878667151,0.9999999119155442,False,False
time_varying,velocity_index_roll4_full_lag0,,Capacity_Velocity_Index_pp_roll4_lag0_scaled,0.951035394794316,0.9964792743358504,0.8903851754582968,1.1152150457466945,,,Hazard Ratio (>1 = faster completion),1.0,377,1.2032994252437366,0.9999999119155442,False,False
time_varying,velocity_index_roll4_only_lag0,,Capacity_Velocity_Index_pp_roll4_lag0_scaled,0.9513553227709728,0.9965074465652802,0.8905590669658341,1.1150603344518548,,,Hazard Ratio (>1 = faster completion),1.0,378,1.2005198120681322,0.9999999119155442,False,False
time_varying,velocity_pp_roll4_full_lag0,,Expenditure_Velocity_pp_roll4_lag0,0.9515463237393252,0.9997329699231864,0.9911579496075144,1.008382177176917,,,Hazard Ratio (>1 = faster completion),1.0,379,1.197592602700945,0.9999999119155442,False,False
time_varying,velocity_pp_roll4_only_lag0,,Expenditure_Velocity_pp_roll4_lag0,0.951859006366598,0.9997348768881068,0.9911656945353124,1.0083781446199658,,,Hazard Ratio (>1 = faster completion),1.0,380,1.1948335422022822,0.9999999119155442,False,False
time_varying,velocity_pp_roll4_full_lag0,,Disbursement_Velocity_pp_roll4_lag0,0.9672593108935292,0.9996676120263912,0.9839235453648558,1.0156636043951734,,,Hazard Ratio (>1 = faster completion),1.0,409,1.1280750398440427,0.9999999119155442,False,False
time_varying,velocity_pp_roll4_only_lag0,,Disbursement_Velocity_pp_roll4_lag0,0.9674407371056706,0.9996702347474196,0.9839629978009828,1.0156282100783716,,,Hazard Ratio (>1 = faster completion),1.0,410,1.1255347112180607,0.9999999119155442,False,False
time_varying,velocity_pp_only_lag1,,Disbursement_Velocity_pp_lag1,0.9726187936604316,0.9999167187304554,0.9951726034130326,1.004683449853486,,,Hazard Ratio (>1 = faster completion),1.0,411,1.1288057532263402,0.9999999119155442,False,False
time_varying,velocity_pp_full_lag1,,Disbursement_Velocity_pp_lag1,0.9726270884483352,0.9999165004763028,0.995158543961866,1.0046972052757546,,,Hazard Ratio (>1 = faster completion),1.0,412,1.1260755368685822,0.9999999119155442,False,False
time_varying,velocity_index_scaled_full_lag1,,Capacity_Velocity_Index_pp_lag1_scaled,0.9729879977229192,0.998137146376144,0.8960186672565912,1.1118939809884676,,,Hazard Ratio (>1 = faster completion),1.0,413,1.123765798822839,0.9999999119155442,False,False
time_varying,velocity_index_scaled_only_lag1,,Capacity_Velocity_Index_pp_lag1_scaled,0.9730609632803252,0.9981450338396716,0.8961746815080056,1.1117179821486616,,,Hazard Ratio (>1 = faster completion),1.0,414,1.1211354576925487,0.9999999119155442,False,False
time_varying,velocity_index_roll2_only_lag0,,Capacity_Velocity_Index_pp_roll2_lag0_scaled,0.97592713882844,0.9983427724752988,0.8963802112411893,1.111903496813683,,,Hazard Ratio (>1 = faster completion),1.0,417,1.1163483098828917,0.9999999119155442,False,False
time_varying,velocity_index_roll2_full_lag0,,Capacity_Velocity_Index_pp_roll2_lag0_scaled,0.9759318519706556,0.9983414642179604,0.8962838133202741,1.112020170803542,,,Hazard Ratio (>1 = faster completion),1.0,418,1.1136829985406764,0.9999999119155442,False,False
time_varying,velocity_pp_full_lag1,,Expenditure_Velocity_pp_lag1,0.9781015233545496,0.9999687236102468,0.9977379646303858,1.0022044701577888,,,Hazard Ratio (>1 = faster completion),1.0,419,1.1134950516470647,0.9999999119155442,False,False
time_varying,velocity_pp_only_lag1,,Expenditure_Velocity_pp_lag1,0.9781972771553604,0.9999688803069208,0.9977395453360156,1.0022031964720022,,,Hazard Ratio (>1 = faster completion),1.0,420,1.1109526219121593,0.9999999119155442,False,False
time_varying,velocity_pp_roll2_full_lag0,,Expenditure_Velocity_pp_roll2_lag0,0.9783295165871572,0.9999500152641272,0.9963498892330568,1.0035631496847002,,,Hazard Ratio (>1 = faster completion),1.0,421,1.1084636090548077,0.9999999119155442,False,False
time_varying,velocity_pp_roll2_only_lag0,,Expenditure_Velocity_pp_roll2_lag0,0.9783638699633224,0.9999501140013072,0.9963513904450426,1.003561835794297,,,Hazard Ratio (>1 = faster completion),1.0,422,1.1058757487500113,0.9999999119155442,False,False
time_varying,velocity_index_roll2_full_lag1,,Capacity_Velocity_Index_pp_roll2_lag1_scaled,0.9790774714804952,0.9985259587287812,0.8942937820070707,1.1149066563087746,,,Hazard Ratio (>1 = faster completion),1.0,424,1.101462155415557,0.9999999119155442,False,False
time_varying,velocity_index_roll2_only_lag1,,Capacity_Velocity_Index_pp_roll2_lag1_scaled,0.9791682923066208,0.9985338158224047,0.8943990962283402,1.1147929213540932,,,Hazard Ratio (>1 = faster completion),1.0,425,1.098972412777078,0.9999999119155442,False,False
time_varying,velocity_index_roll2_full_lag2,,Capacity_Velocity_Index_pp_roll2_lag2_scaled,0.9796198914366776,0.998531446559101,0.8920539718059155,1.1177183010002252,,,Hazard Ratio (>1 = faster completion),1.0,427,1.0943294805978812,0.9999999119155442,False,False
time_varying,velocity_index_roll2_only_lag2,,Capacity_Velocity_Index_pp_roll2_lag2_scaled,0.9799005123737434,0.9985531096566932,0.8921742754286222,1.1176160759914502,,,Hazard Ratio (>1 = faster completion),1.0,428,1.0920853841174665,0.9999999119155442,False,False
time_varying,velocity_pp_roll2_full_lag1,,Disbursement_Velocity_pp_roll2_lag1,0.9800563149351544,0.9998953515029616,0.991724351764276,1.008133673614654,,,Hazard Ratio (>1 = faster completion),1.0,429,1.0897129655572697,0.9999999119155442,False,False
time_varying,velocity_pp_roll2_only_lag1,,Disbursement_Velocity_pp_roll2_lag1,0.9800727676083116,0.9998956503703968,0.9917411887833332,1.0081171609461752,,,Hazard Ratio (>1 = faster completion),1.0,430,1.0871970003468945,0.9999999119155442,False,False
time_varying,velocity_pp_roll2_only_lag0,,Disbursement_Velocity_pp_roll2_lag0,0.9806780925034408,0.9998991132684664,0.9917681123746542,1.0080967760913224,,,Hazard Ratio (>1 = faster completion),1.0,431,1.0853444318425551,0.9999999119155442,False,False
time_varying,velocity_pp_roll2_full_lag0,,Disbursement_Velocity_pp_roll2_lag0,0.9807784236486542,0.9998994361206568,0.9917522069137868,1.0081135946908162,,,Hazard Ratio (>1 = faster completion),1.0,433,1.0804418200471317,0.9999999119155442,False,False
time_varying,velocity_pp_roll2_full_lag2,,Expenditure_Velocity_pp_roll2_lag2,0.980983966823906,0.999956024234769,0.9963464670998612,1.0035786580484631,,,Hazard Ratio (>1 = faster completion),1.0,434,1.0781782308179797,0.9999999119155442,False,False
time_varying,velocity_pp_roll2_only_lag2,,Expenditure_Velocity_pp_roll2_lag2,0.9812015190258248,0.999956544593298,0.9963484089006908,1.0035777466420714,,,Hazard Ratio (>1 = faster completion),1.0,435,1.075938217414525,0.9999999119155442,False,False
time_varying,velocity_pp_roll4_full_lag1,,Disbursement_Velocity_pp_roll4_lag1,0.9813118083449646,0.9998098494648672,0.9840266623662102,1.0158461892518795,,,Hazard Ratio (>1 = faster completion),1.0,436,1.0735911297718994,0.9999999119155442,False,False
time_varying,velocity_pp_roll4_only_lag1,,Disbursement_Velocity_pp_roll4_lag1,0.9815215118095814,0.9998124295104543,0.9840663611602742,1.015810451060413,,,Hazard Ratio (>1 = faster completion),1.0,437,1.071363297787575,0.9999999119155442,False,False
time_varying,velocity_pp_roll2_full_lag1,,Expenditure_Velocity_pp_roll2_lag1,0.9826152292041892,0.999959859493636,0.9963558732760708,1.0035768819335034,,,Hazard Ratio (>1 = faster completion),1.0,438,1.0701083660511375,0.9999999119155442,False,False
time_varying,velocity_pp_roll2_only_lag1,,Expenditure_Velocity_pp_roll2_lag1,0.98272078411796,0.9999601189537368,0.9963575480456912,1.0035757158253762,,,Hazard Ratio (>1 = faster completion),1.0,439,1.0677854533582392,0.9999999119155442,False,False
time_varying,velocity_pp_roll2_full_lag2,,Disbursement_Velocity_pp_roll2_lag2,0.9852287743502596,0.999921968262622,0.9916954425313352,1.0082167364428558,,,Hazard Ratio (>1 = faster completion),1.0,442,1.0632446275227914,0.9999999119155442,False,False
time_varying,velocity_pp_roll2_only_lag2,,Disbursement_Velocity_pp_roll2_lag2,0.9855233947680174,0.9999236829588064,0.9917140910844296,1.008201235346551,,,Hazard Ratio (>1 = faster completion),1.0,443,1.0611617591520188,0.9999999119155442,False,False
time_varying,lag2,,Ratio_expended_to_disbursed_lag2,0.9914623971344024,1.000125830996906,0.9773396312935888,1.023443279899882,,,Hazard Ratio (>1 = faster completion),1.0,446,1.0603757027648206,0.9999999119155442,False,False
time_varying,lag0,,Ratio_expended_to_disbursed_lag0,0.9928442651293032,1.0001040253131597,0.9776253517508576,1.0230995540942995,,,Hazard Ratio (>1 = faster completion),1.0,447,1.0594781084265719,0.9999999119155442,False,False
time_varying,velocity_pp_full_lag0,,Expenditure_Velocity_pp_lag0,0.9950494211674876,0.9999929303080738,0.9977621774220716,1.002228670613474,,,Hazard Ratio (>1 = faster completion),1.0,454,1.0454594138698052,0.9999999119155442,False,False
time_varying,velocity_pp_full_lag0,,Disbursement_Velocity_pp_lag0,0.9950531539253236,1.0000150693005203,0.995262512882358,1.0047903200251758,,,Hazard Ratio (>1 = faster completion),1.0,455,1.0431656141151195,0.9999999119155442,False,False
time_varying,velocity_pp_only_lag0,,Expenditure_Velocity_pp_lag0,0.9952429330941714,0.999993210993294,0.9977638801886012,1.0022275228520572,,,Hazard Ratio (>1 = faster completion),1.0,456,1.0410764892235083,0.9999999119155442,False,False
time_varying,velocity_pp_only_lag0,,Disbursement_Velocity_pp_lag0,0.9953706968305832,1.0000140610798722,0.9952752569301364,1.0047754280981345,,,Hazard Ratio (>1 = faster completion),1.0,457,1.0389317776546787,0.9999999119155442,False,False
time_varying,velocity_pp_full_lag2,,Disbursement_Velocity_pp_lag2,0.9958380016933044,1.0000127112234134,0.9952479003852192,1.004800333888003,,,Hazard Ratio (>1 = faster completion),1.0,458,1.0371500585321096,0.9999999119155442,False,False
time_varying,velocity_pp_only_lag2,,Disbursement_Velocity_pp_lag2,0.9959844216444488,1.0000122278943089,0.9952614265835804,1.0047857067774728,,,Hazard Ratio (>1 = faster completion),1.0,459,1.0350426342579566,0.9999999119155442,False,False
time_varying,velocity_pp_roll4_only_lag2,,Disbursement_Velocity_pp_roll4_lag2,0.996494774521186,1.0000357037542869,0.984232465214749,1.016092685547745,,,Hazard Ratio (>1 = faster completion),1.0,460,1.033321755318708,0.9999999119155442,False,False
time_varying,velocity_pp_roll4_full_lag2,,Disbursement_Velocity_pp_roll4_lag2,0.996605431525813,1.0000346589335356,0.9841941023657796,1.0161301684945812,,,Hazard Ratio (>1 = faster completion),1.0,461,1.0311947740516547,0.9999999119155442,False,False
time_varying,velocity_index_scaled_full_lag0,,Capacity_Velocity_Index_pp_lag0_scaled,0.9979577949429248,0.9998621543520888,0.899692088710403,1.111184971225635,,,Hazard Ratio (>1 = faster completion),1.0,463,1.0281336245956267,0.9999999119155442,False,False
time_varying,velocity_index_scaled_only_lag0,,Capacity_Velocity_Index_pp_lag0_scaled,0.9979979200812824,0.9998650703043156,0.8998407400635288,1.111007886511199,,,Hazard Ratio (>1 = faster completion),1.0,464,1.0259590687042492,0.9999999119155442,False,False
time_varying,velocity_index_scaled_full_lag2,,Capacity_Velocity_Index_pp_lag2_scaled,0.998202089443318,1.00012686000117,0.8956450606935389,1.116797021491145,,,Hazard Ratio (>1 = faster completion),1.0,465,1.023962143364436,0.9999999119155442,False,False
time_varying,full_covariates,,Ratio_expended_to_disbursed_lag1,0.998213177427276,1.0000261788994231,0.9773742252437856,1.023203121848992,,,Hazard Ratio (>1 = faster completion),1.0,466,1.0217761494266322,0.9999999119155442,False,False
time_varying,velocity_index_scaled_only_lag2,,Capacity_Velocity_Index_pp_lag2_scaled,0.9982390394856544,1.0001240591260905,0.8957964750636817,1.116601997760419,,,Hazard Ratio (>1 = faster completion),1.0,467,1.0196146077829917,0.9999999119155442,False,False
time_varying,capacity_only,,Ratio_expended_to_disbursed_lag1,0.998578121798663,1.000020829394914,0.9773718018321984,1.0231947119294784,,,Hazard Ratio (>1 = faster completion),1.0,468,1.0177815472178682,0.9999999119155442,False,False
time_varying,velocity_pp_only_lag2,,Expenditure_Velocity_pp_lag2,0.9996262713186902,1.0000005341978533,0.997767699164695,1.002238365937449,,,Hazard Ratio (>1 = faster completion),1.0,469,1.016677465712186,0.9999999119155442,False,False
time_varying,velocity_pp_full_lag2,,Expenditure_Velocity_pp_lag2,0.9996452447033788,1.0000005074055154,0.9977662309708356,1.0022397870073012,,,Hazard Ratio (>1 = faster completion),1.0,470,1.0145335781351312,0.9999999119155442,False,False
