Grantee,Disaster Type,Disbursement_Velocity,Disbursement_TV_Mean,Disbursement_TV_Std,Disbursement_TV_Count,Disbursement_TV_Min,Disbursement_TV_Max,Disbursement_TV_Lag1_Mean,Disbursement_TV_Lag1_Std,Disbursement_TV_Lag1_Count
Alabama,2011 Multiple Disasters,0.029327667471009837,2.785504719136001,4.273996003370951,34,-3.834201749588954,16.16897947079311,2.869903215769311,4.311395711588476,33
Alabama,2011-2013 Hurricane Sandy and Other Events,0.028323991993143234,2.7004675301452026,5.759959315655413,35,-4.358100550737742,18.362200906825997,2.7761470611896515,5.828890608682185,34
Alabama,"2020 Hurricanes Laura, Delta and Zeta (LDZ)/2021 Hurricane Ida and Wildfires (IDF)",0.07504858291832725,7.441705189326813,10.58175776342285,10,-1.3198604227392166,30.9435745338412,7.835490278601709,11.145662685466858,9
Alaska,2018 Disasters,0.05011598493184335,5.0115984931843345,7.506330636394794,12,-1.439625501211126,25.983612721909395,5.25154526457986,7.824290178936717,11
Alaska,2022 Disasters including Hurricanes Fiona and Ian,0.0011517132985218092,0.11517132985218093,0.08590466561910981,2,0.05442755825734551,0.17591510144701633,0.17591510144701633,,1
American Samoa,2018 Disasters,0.0021944531322664056,0.21944531322664076,11.404155135966736,7,-25.015763357784625,7.663886453405097,0.21943652068232153,12.492626034488762,6
Arkansas,2008 Hurricane Ike and Other Events,0.02028297079284323,2.023555731064809,3.0151276254846393,48,-0.13516411749206966,12.480942180425881,2.066471592777773,3.03286960652082,47
"Baton Rouge, LA","2020 Hurricanes Laura, Delta and Zeta (LDZ)/2021 Hurricane Ida and Wildfires (IDF)",0.05197067500000001,5.197067500000001,,1,5.197067500000001,5.197067500000001,,,0
California,2013 National Disaster Resilience,0.0312540301700349,3.0893085839214742,3.6183568938303794,30,-3.9417976620365587,14.852077171712374,3.1886557043002863,3.6405254817803927,29
California,2015-2018 Mitigation,0.011269349100478237,1.1269349100478236,4.061732227801764,17,-7.518362029517581,7.746660810734463,1.0560547045951334,4.1840663640929625,16
California,"2017 Hurricanes Harvey, Irma and Maria",0.030070813342523935,2.6562685153692778,13.55487065311249,20,-21.91704923973706,36.478002249999996,2.6809539116669923,13.925843860106632,19
California,2018 Disasters,0.014006928445942644,1.4006928445942644,13.166330156764282,16,-29.470824677335926,33.40024665837945,1.2968081516806114,13.621657282988169,15
California,"2020 Hurricanes Laura, Delta and Zeta (LDZ)/2021 Hurricane Ida and Wildfires (IDF)",0.006964042260973447,0.6961730494739382,0.7751710241879478,8,0.099332720596186,2.414503333895345,0.6421914320081807,0.8208781858298526,7
California,"Storms, Flooding, and Other Disasters in California, Alabama, and Georgia",0.0005653621915807412,0.05653621915807412,,1,0.05653621915807412,0.05653621915807412,,,0
"Chicago, IL",2011-2013 Hurricane Sandy and Other Events,0.035316452647447955,3.5249681820511274,10.39995431672605,26,-9.40477660786556,44.86755925218665,3.660068770925579,10.591097548620482,25
City of Birmingham,2011 Multiple Disasters,0.03184226477018186,3.164962331968063,14.005810921530468,18,-41.37869388769823,26.616689117498616,3.376640501242309,14.407149771458927,17
City of Birmingham,2011-2013 Hurricane Sandy and Other Events,0.029817489875111597,2.980940970191218,17.024228157755488,29,-46.39897256976154,47.534374123828904,3.08332081521656,17.32753167495662,28
Colorado,2011-2013 Hurricane Sandy and Other Events,0.026249670707145435,2.605901420776641,6.1765287968417555,38,-9.540528780624125,27.36771862215851,2.6761181260978177,6.2463315298108055,37
Colorado,"2020 Hurricanes Laura, Delta and Zeta (LDZ)/2021 Hurricane Ida and Wildfires (IDF)",0.07545649103559736,1.7669287903629245,27.087221232489853,4,-24.98064594960097,38.78491570006915,5.3442571454134224,31.996760182676052,3
"Columbia, SC",2015 Hurricane Joaquin and Patricia and Other Events,0.03577662651129264,3.2703103402633245,12.072355376944982,27,-38.39477496364466,33.91369331898355,3.393939856074767,12.293992556510457,26
"Columbia, SC",2015-2018 Mitigation,0.006745449609900457,0.6745449609900457,1.4868077699995628,10,0.0,4.871251331719129,0.7271766956625714,1.5670859560766814,9
Connecticut - DOH,2011-2013 Hurricane Sandy and Other Events,0.024038381309033272,-0.03151794849757194,6.286598983730689,41,-24.00011774965546,26.941459018632496,-0.032527519910796866,6.366682909924111,40
Connecticut - DOH,2013 National Disaster Resilience,0.039451058830418065,0.0,0.07823517901590554,25,-0.2952848488206983,0.2098492575881017,0.0,0.07991784848684327,24
"Cook County, IL",2011-2013 Hurricane Sandy and Other Events,0.024510582281848086,2.281583368360731,5.541447203585011,36,-9.392655716322517,20.251713030034242,2.301750262488724,5.62100800122539,35
County Of Orange,2011 Multiple Disasters,0.03489095944450398,3.3545512693239457,7.972686394725131,27,-0.9912143738287638,36.620011903929786,3.47932678412909,8.103647447513751,26
"Dallas, TX","2020 Hurricanes Laura, Delta and Zeta (LDZ)/2021 Hurricane Ida and Wildfires (IDF)",0.022390769869304133,1.9532484066558304,2.592993478240491,2,0.11972513461948678,3.786771678692174,0.11972513461948678,,1
"Dauphin County, PA",2011 Multiple Disasters,0.03234492491725808,2.3816857080830536,9.593939154389977,30,-25.121499592788755,20.918208932385262,2.320970404302266,9.757889232358709,29
"Dauphin County, PA",2011-2013 Hurricane Sandy and Other Events,0.07142857142857144,2.7785830914368668,17.851212537825816,13,-50.88998290401274,25.280448381729727,3.010125120503412,18.624583075007884,12
"Dearborn, MI","2020 Hurricanes Laura, Delta and Zeta (LDZ)/2021 Hurricane Ida and Wildfires (IDF)",0.009204451978057545,0.9204451978057545,,1,0.9204451978057545,0.9204451978057545,,,0
"Detroit, MI","2020 Hurricanes Laura, Delta and Zeta (LDZ)/2021 Hurricane Ida and Wildfires (IDF)",0.029581317361450647,2.9581317361450647,2.446745895745199,3,0.1473179145603263,4.610641305031439,2.378979609795883,3.1560462360306567,2
Empire State Development Corporation (NYS),2001 World Trade Center,0.010953986609601856,1.0953986609601858,5.781176250991168,91,-2.6387202244925856,54.62365061535138,1.1075208499970464,5.81240091982446,90
Florida,2015-2018 Mitigation,0.006391562476063883,0.5379094910616989,8.125728684075844,17,-28.44135028503153,10.67456830114804,0.5312273290727576,8.392168258580302,16
Florida,2016 Louisiana Floods and Other Events,0.03231689221928989,3.1701938743880675,7.678855713204667,29,-29.33272719506806,18.3210108823058,3.2773297453219095,7.797660828705727,28
Florida,"2017 Hurricanes Harvey, Irma and Maria",0.035570797528710354,3.548938856579297,4.006419898066835,26,-6.801008130693809,10.936798280492832,3.6357360501759697,4.064009056441265,25
Florida,2018 Disasters,0.02591077575434589,2.5450098186048327,7.441192540876347,17,-16.58145004164442,14.305293087464028,2.6293849344752505,7.676827171507097,16
Florida,"2020 Hurricanes Laura, Delta and Zeta (LDZ)/2021 Hurricane Ida and Wildfires (IDF)",0.0007964872539724048,-0.1256143458457972,2.848893574958884,9,-7.187990788325606,3.179375630120121,-0.15316756570006831,3.044313102373571,8
Florida,2022 Disasters including Hurricanes Fiona and Ian,0.030954643001196522,3.0954643001196525,0.8296514461588632,4,2.490891306558643,4.3152643975794245,3.162810935523734,1.0026309726757585,3
"Fort Worth, TX","2020 Hurricanes Laura, Delta and Zeta (LDZ)/2021 Hurricane Ida and Wildfires (IDF)",0.0014340688236259903,0.14340688236259913,2.3444806059693404,3,-2.1260785115000935,2.556299158587891,1.2781495792939455,1.8075764697789634,2
Georgia,2015-2018 Mitigation,0.050134508629381055,5.0040702312198855,4.427844319567116,15,0.06507282107098547,13.551963963099457,5.3401746856014904,4.391936418579078,14
Georgia,"2017 Hurricanes Harvey, Irma and Maria",0.027649525981659876,2.7237288912894324,7.231497162698812,22,-23.881939813810792,15.498484832449789,2.5031191896824803,7.333828003204821,21
Georgia,2018 Disasters,0.011309006604998766,1.1298825018416012,1.8480216275152792,15,-3.5189702145050434,5.543911702468869,1.117928662672491,1.917180768809606,14
"Hawaii County, HI",2015-2018 Mitigation,0.06849630706008664,6.849630706008663,9.68684064168465,2,0.0,13.699261412017327,0.0,,1
"Hawaii County, HI",2018 Disasters,0.05934528626046415,5.934528626046416,8.69252306102166,14,-12.090866885671014,24.502479493837154,6.181048078007212,8.996383385596378,13
"Houston, TX",2015 Hurricane Joaquin and Patricia and Other Events,0.024593362505058135,2.4007533481425107,2.8553003133121044,32,-4.591695139358977,11.10245552486685,2.3355245008625984,2.878160130812043,31
"Houston, TX",2015-2018 Mitigation,0.02884531696538367,2.7113141937578193,5.936460292387682,11,-8.989009302258308,17.075551531481125,2.6476293691045694,6.25361650720724,10
Illinois,2008 Hurricane Ike and Other Events,0.022096109721227827,2.2096109721227823,10.316376643250262,45,-57.4693761879879,25.980548405794224,2.2595910422935095,10.43013248295681,44
Illinois,2008 Midwest Floods,0.030213050950747736,2.9500221956144936,11.681859335335744,33,-46.39464478740854,31.473633595503014,3.0195323329806865,11.861845269149518,32
Illinois,2011-2013 Hurricane Sandy and Other Events,0.09046059705138598,6.5134464646464645,17.003317059384944,11,-21.845895686646987,41.45285280765274,7.112834848188574,17.800151692374662,10
Indiana - OCRA,2008 Hurricane Ike and Other Events,0.015868030596485054,1.472640064829077,10.049473523890033,60,-40.17762106989939,61.25314271900314,1.5047950930274254,10.132623141382775,59
Iowa,2019 Disasters,0.0434286012151419,4.208542372479502,7.780243781236263,16,-18.586330820047557,20.74965944018877,4.362509519807142,8.028046763167652,15
Iowa,"2020 Hurricanes Laura, Delta and Zeta (LDZ)/2021 Hurricane Ida and Wildfires (IDF)",0.020793183376494717,2.021560133974023,2.522940391687081,8,-0.36908927361129507,7.348833702356522,2.2126163524323186,2.661843306739224,7
"Jefferson County, AL",2011 Multiple Disasters,0.02374262936665829,2.399249976771177,10.99916747564857,39,-54.35944497538855,27.547608767791953,2.460489825209477,11.140073830566426,38
"Jefferson County, AL",2011-2013 Hurricane Sandy and Other Events,0.024896059207420017,2.2679030478549262,5.273443088870078,39,-10.074665592774146,18.532043726774628,2.327471133627624,5.330916993270514,38
"Jefferson Parish, LA",2011-2013 Hurricane Sandy and Other Events,0.029188993344678785,1.9692353131120546,22.935561823734332,28,-67.66084961911413,47.75924914836256,1.7736414275134191,23.348659678817338,27
"Joplin, MO",2011 Multiple Disasters,0.017467063501002255,1.4623443990606466,11.318323906156856,48,-32.81336983957219,60.19327798211192,1.4934581096789583,11.438612605896978,47
"Kauai County, HI",2018 Disasters,0.014897802010680035,1.4897802010680035,0.9351057373112616,16,0.6035402136006972,4.730985723626853,1.542602550130776,0.9428942133045285,15
Kentucky,"2020 Hurricanes Laura, Delta and Zeta (LDZ)/2021 Hurricane Ida and Wildfires (IDF)",0.01756356914304079,1.7563569143040778,28.88395750565776,4,-32.3566529764587,38.31005807200929,2.163638879192399,35.361408769864155,3
Kentucky,2022 Disasters including Hurricanes Fiona and Ian,0.0061890641003760904,0.618906410037609,,1,0.618906410037609,0.618906410037609,,,0
"Lake Charles, LA","2020 Hurricanes Laura, Delta and Zeta (LDZ)/2021 Hurricane Ida and Wildfires (IDF)",0.04522945496066688,4.40949401384155,4.423261203395632,2,1.2817760219611298,7.53721200572197,7.53721200572197,,1
"Lee County, FL",2022 Disasters including Hurricanes Fiona and Ian,0.01665180251067975,1.0528151817972045,2.742397800693863,4,-2.3496201050600454,3.500627808367941,1.3958309317967863,3.2519470655884226,3
"Lexington County, SC",2015 Hurricane Joaquin and Patricia and Other Events,0.0263620259936299,2.63620259936299,4.204083533046462,31,-8.756111126810751,13.332662553393448,2.717697168928404,4.250975876833241,30
"Lexington County, SC",2015-2018 Mitigation,0.025898701761606847,2.5020675040166642,3.679655876556791,16,-1.404842754304332,10.581038524860059,2.5596669686132754,3.801332125067174,15
Louisiana,"2005 Hurricanes Katrina, Rita, Wilma",0.013194527237793813,0.9644772950384887,10.785664690506078,74,-21.81682070393537,88.98052953408207,0.9775277185992823,10.859718542844353,73
Louisiana,2008 Hurricane Ike and Other Events,0.015755905766479564,1.3057440262338262,10.268208521290074,62,-27.79937077039084,70.72234445333369,1.3268560569087995,10.352066440708352,61
Louisiana,2011-2013 Hurricane Sandy and Other Events,0.022633328301668393,1.7712500920977554,10.757266607334016,44,-27.151892719543184,59.08245186317913,1.8097338535453682,10.881510855829733,43
Louisiana,2013 National Disaster Resilience,0.02994687269637716,2.828456846900645,12.36004958915302,31,-23.579772029372837,49.38073047480667,2.9087795705761526,12.563116043905868,30
Louisiana,2015-2018 Mitigation,0.010613318467704804,1.0613318467704804,2.3481586926795,18,-6.330794085667396,5.062155628437037,1.0882348323557938,2.4175654511342293,17
Louisiana,2016 Louisiana Floods and Other Events,0.029313802573323063,2.930200768876878,2.7213519520639173,31,-2.6376413937591603,11.005298888646841,3.008872566214049,2.7317841166063555,30
Louisiana,"2020 Hurricanes Laura, Delta and Zeta (LDZ)/2021 Hurricane Ida and Wildfires (IDF)",0.04306475931689419,4.1423934030854275,5.613234446261372,9,-9.000864476565386,9.780826368155822,4.1046858972748135,5.9995813420361825,8
"Luzerne County, PA",2011 Multiple Disasters,0.020042002784294397,1.8773216440483758,3.0992915070385063,49,-4.448986756797973,10.640841569281639,1.9163255996683237,3.119912228954438,48
"Luzerne County, PA",2011-2013 Hurricane Sandy and Other Events,0.0761530002706334,7.605199420066667,8.019911393585073,13,0.06630141477202978,19.827533741060567,8.233440920507887,8.035469740201949,12
Maryland,2011-2013 Hurricane Sandy and Other Events,0.027004891640063845,0.34118746208322026,9.599297272026156,35,-24.544229164241692,27.557272093738284,0.35019059110275624,9.743505714271755,34
Michigan,"2020 Hurricanes Laura, Delta and Zeta (LDZ)/2021 Hurricane Ida and Wildfires (IDF)",0.0058307244954043025,0.5830724495404308,16.109291721496312,4,-21.50710179391015,16.172908733093497,0.7103265359992221,19.727309954407918,3
"Minot, ND",2011 Multiple Disasters,0.02117311654407195,-0.010572874844822427,0.18926142308336585,46,-0.7692296174767077,0.6223297115774962,-0.010911831444392957,0.19138591762553556,45
"Minot, ND",2011-2013 Hurricane Sandy and Other Events,0.03381249150381383,-0.008102869105514277,8.198255510916951,29,-30.93718498215665,29.113438547070146,-0.010401155519945329,8.348685251875924,28
"Minot, ND",2013 National Disaster Resilience,0.030509943746079272,-0.025233957340555696,3.650943846613631,32,-9.153476668601124,9.125895506820747,-0.02342948224746235,3.7112796087225104,31
Mississippi,"2005 Hurricanes Katrina, Rita, Wilma",0.01337058576680166,0.41154374967536295,134.75219922274817,74,-785.2827649638319,819.3088777626499,0.4170910760992002,135.6847430129334,73
Mississippi,"2020 Hurricanes Laura, Delta and Zeta (LDZ)/2021 Hurricane Ida and Wildfires (IDF)",0.005933464647235691,0.5850890905599281,0.6182964507911202,7,-0.04707937917987364,1.493174714674672,0.5275746351765295,0.6564770640452445,6
Missouri,2015-2018 Mitigation,0.03809243241807884,3.8062893753397096,2.108667621769454,14,1.387988903021329,8.936427622736993,3.942841063308992,2.129369833495417,13
Missouri,"2017 Hurricanes Harvey, Irma and Maria",0.02585164013361064,2.168809567998932,10.906504301769752,21,-31.252552311564653,26.600242804255743,2.2010849059758875,11.188808338704494,20
Missouri,2019 Disasters,0.011074652408540827,1.1074652408540828,1.071677626244564,8,0.3134922623631324,3.6521921843861014,1.1080583209644816,1.157542716597485,7
"Moore, OK",2011-2013 Hurricane Sandy and Other Events,0.026994999914857386,0.8436677573629008,7.909140635618301,36,-27.620153871375642,16.973853033641262,0.867113409762651,8.023339255558778,35
"Nashville-Davidson, TN",2010 Severe Storms and Flooding,0.02127338337851412,2.1273383378514117,9.391448238947254,47,-33.70533923035407,48.70893342186896,2.1739130434782608,9.48973478591406,46
"Nashville-Davidson, TN","2020 Hurricanes Laura, Delta and Zeta (LDZ)/2021 Hurricane Ida and Wildfires (IDF)",0.00894841099331995,0.894841099331995,1.3611135296551993,3,0.0883910353490884,2.4663378297467684,1.2980661313234483,1.6521856804469097,2
Nebraska,2019 Disasters,0.025278679720993884,-23.439710832163186,47.38777960368707,6,-114.8647139044184,6.199466605338378,-29.367546319663496,50.43270583617357,5
New Jersey,2011-2013 Hurricane Sandy and Other Events,0.01887722016197855,1.8756115700828007,7.9270906056588375,47,-32.72430826891325,18.605612543118156,1.9127935001056247,8.010540632962451,46
New Jersey,2013 National Disaster Resilience,0.030485084,3.0485084000000002,3.3439760555441405,30,-6.694757870490714,12.25593387049072,3.1459039586206896,3.35958315564575,29
New Jersey,"2020 Hurricanes Laura, Delta and Zeta (LDZ)/2021 Hurricane Ida and Wildfires (IDF)",0.013371953876713237,1.3262481165052635,0.7951404776650814,6,0.4975006348688903,2.4588935734622264,1.468948073117579,0.7984897569149789,5
"New Orleans, LA",2011-2013 Hurricane Sandy and Other Events,0.026837177254257702,2.5127446690577977,17.262757984788017,36,-51.06917331996503,56.779179210118194,2.5824299772572825,17.50964427554,35
"New Orleans, LA",2013 National Disaster Resilience,0.006179977668573753,0.6179977668573753,0.5780731835273338,31,0.0,2.6236754504365614,0.6357392868871516,0.5793078491864989,30
New York,2011 Multiple Disasters,0.030285101251371863,-3.2297397080004555e-16,1.273583030317393,33,-4.194561838421029,3.5936934035113333,1.3877787807814457e-17,1.293961652764771,32
New York,2011-2013 Hurricane Sandy and Other Events,0.02127589389107225,-0.04610057276126223,4.2443344950696575,46,-20.7134208238421,18.791847847191622,-0.049262200418271423,4.292239819193194,45
New York,2013 National Disaster Resilience,0.039964478472404745,0.5853697156416326,3.260827198912503,25,-4.208665447132032,14.634242891040817,0.6097601204600349,3.3286302274796493,24
New York,"2020 Hurricanes Laura, Delta and Zeta (LDZ)/2021 Hurricane Ida and Wildfires (IDF)",0.23177766638818964,0.0,0.0,2,0.0,0.0,0.0,,1
"New York City, NY",2011-2013 Hurricane Sandy and Other Events,0.02181093999993646,2.1809114681965878,15.535732391255078,44,-13.400568209367425,99.99159732905895,2.2201540669857263,15.717386895830002,43
"New York City, NY",2013 National Disaster Resilience,0.029814139835634666,-1.4975563762625927,18.467743770700075,13,-47.55021094745692,23.4296135733863,-1.645174820452299,19.28091682979605,12
"New York City, NY","2020 Hurricanes Laura, Delta and Zeta (LDZ)/2021 Hurricane Ida and Wildfires (IDF)",0.0114904693217079,1.1487995163018947,0.9395438163269217,3,0.25158676612445363,2.1256099651040152,1.1885983656142345,1.3251345120993547,2
North Carolina-NCORR,2015-2018 Mitigation,0.015186816808260808,1.5118938229799281,15.01909735883175,18,-47.32340872890055,16.58720817273833,2.8020945675086977,14.416511273833867,17
North Carolina-NCORR,2016 Louisiana Floods and Other Events,0.03818060837718062,3.776358959178933,8.530161697778704,26,-14.802118311086087,33.58605827590464,3.860630780774701,8.695006550245465,25
North Carolina-NCORR,2018 Disasters,0.05996031474602094,5.8210523784481625,12.722933419076709,16,-24.920588933723597,25.564286433948492,6.206480603084047,13.072441956461724,15
North Carolina-NCORR,"2020 Hurricanes Laura, Delta and Zeta (LDZ)/2021 Hurricane Ida and Wildfires (IDF)",0.0023824182656194165,0.23824182656194162,0.3821253677030217,6,0.0,0.8725487756396758,0.2857414181635198,0.4069436838007644,5
Northern Mariana Islands,2015-2018 Mitigation,0.005982274484450487,0.5537198330618971,0.7791822991985738,5,0.043960695576702666,1.8855919531322651,0.6626587495121767,0.8546239857758661,4
Northern Mariana Islands,2018 Disasters,0.017359362965135516,-4.907132055020043,26.017390984576846,15,-98.75906458242507,4.197491021561656,-5.301653367216315,26.952920474280536,14
Ohio,2019 Disasters,0.017533218339428416,2.10398620073141,1.1357878059088262,5,0.6667654611946363,3.637122633075985,2.254639272653393,1.2524813769226455,4
Oklahoma,2011-2013 Hurricane Sandy and Other Events,0.02372366435765034,1.9447367411067433,4.063108141090774,42,-7.572833251915581,13.860914259083678,1.9921657124526964,4.101795664108674,41
Oklahoma,2019 Disasters,0.011976111705415775,1.1497324258289277,3.7612238818250217,14,-10.700376126975195,5.2468256776127085,1.252994355019292,3.8940959094514738,13
"Orange County, FL",2022 Disasters including Hurricanes Fiona and Ian,0.09013774259259259,9.01377425925926,20.332243041165214,3,-8.270885808080807,31.415846363636362,11.572480277777778,28.062757441755526,2
Oregon,"2020 Hurricanes Laura, Delta and Zeta (LDZ)/2021 Hurricane Ida and Wildfires (IDF)",0.018216723186835496,1.0898202428928507,13.906890675184892,6,-25.57828427658698,13.75631194276383,1.0538247131107765,15.548063954338446,5
Pennsylvania,2011 Multiple Disasters,0.018908266586839022,1.885929650292947,9.144163713742413,47,-37.71560938006964,34.19525231205086,1.9264414245671817,9.240941869212131,46
Pennsylvania,2011-2013 Hurricane Sandy and Other Events,0.02922006872975306,2.867322111253764,5.867929864170301,34,-12.36973470063547,23.31287579871562,2.891820613404674,5.957144951766287,33
Pennsylvania,"2020 Hurricanes Laura, Delta and Zeta (LDZ)/2021 Hurricane Ida and Wildfires (IDF)",0.11138610958243804,11.138610958243804,15.69059688345803,2,0.04368350108612251,22.233538415401487,22.233538415401487,,1
"Philadelphia, PA","2020 Hurricanes Laura, Delta and Zeta (LDZ)/2021 Hurricane Ida and Wildfires (IDF)",0.0,0.0,0.0,2,0.0,0.0,0.0,,1
Puerto Rico,2008 Hurricane Ike and Other Events,0.01716734705559407,1.6764535670847585,2.3773862972117805,53,-4.03335595872819,8.10809613725313,1.692326131116019,2.3977435045597266,52
Puerto Rico,2015-2018 Mitigation,0.005021472498333326,-6.640708411673553,26.192097972200436,14,-91.6968502859519,19.146920259924187,-7.213618290432439,27.170144257528374,13
Puerto Rico,"2017 Hurricanes Harvey, Irma and Maria",0.01990693865972811,1.975804434619062,2.3136428933446576,24,-5.95864037388707,4.408240840063441,2.0218282653629207,2.354381375400091,23
Puerto Rico,"2020 Hurricanes Laura, Delta and Zeta (LDZ)/2021 Hurricane Ida and Wildfires (IDF)",0.008521873064520303,-3.4419962224609066,35.50263403191983,11,-96.13903279360898,52.76312002302598,-3.911113319667332,37.38710775780911,10
Puerto Rico,Electrical Power Systems in Puerto Rico and the U.S. Virgin Islands,0.0007719665016323024,-11.03365440531023,32.32120346435608,9,-96.76780296763846,5.506954884448429,-12.423710176213081,34.264015242455514,8
Rhode Island,2011-2013 Hurricane Sandy and Other Events,0.030303030303030304,3.0303030303030303,6.124484782960491,33,-10.414972985184612,20.83253764813505,3.1240367098255524,6.198386950906309,32
"Richland County, SC",2015 Hurricane Joaquin and Patricia and Other Events,0.04158145895488196,-0.36091422751204366,5.116308074133982,22,-13.663480156089348,12.136299955699425,-0.49559451018241196,5.202541008069332,21
"Richland County, SC",2015-2018 Mitigation,0.01943337907061837,1.9433379070618386,85.60593480142082,3,-57.903696278814486,100.0,31.866855,96.35481770613262,2
"San Marcos, TX",2015 Hurricane Joaquin and Patricia and Other Events,0.030526102152491606,-0.15095063538632636,16.056582430099578,31,-81.60389467704589,12.2763002522526,-0.21908488551449606,16.326515204879605,30
"San Marcos, TX",2015-2018 Mitigation,0.04792932983976999,4.792932983976999,5.655955793187104,15,-0.9990403068038431,17.90340496418458,4.728723902929488,5.863786606754086,14
"Sarasota County, FL",2022 Disasters including Hurricanes Fiona and Ian,0.006282562657424,0.6282562657424,5.035478978490489,3,-4.443781503064425,5.626362312832672,0.5912904048841234,7.120666979744613,2
"Shelby County, TN",2013 National Disaster Resilience,0.024101472060441987,2.4101515241937186,2.6724890991887116,31,0.2822387458860848,12.152380009317943,2.0854105746895777,2.0016477968255724,30
South Carolina,2015-2018 Mitigation,0.022050781001948565,-4.927106822284393,27.27873532675114,14,-98.35258763520794,16.029647365518645,-5.08011028709933,28.386354677299867,13
South Carolina,2018 Disasters,0.062413070430673574,5.132193634075368,10.537830376175034,15,-11.030353443862296,24.04488190592213,5.1412542885064445,10.935562756692182,14
"Springfield, MA",2011-2013 Hurricane Sandy and Other Events,0.022077303995955696,0.8550154701459484,7.4097867671566515,38,-31.66136930837535,15.171303739074126,0.8778609348748255,7.510638685541887,37
"Springfield, MA",2013 National Disaster Resilience,0.032700216608586484,3.2700216583837625,5.757290218355161,30,-0.0030559647952843605,30.338231044495306,3.369889395088435,5.832692124343629,29
"St. Clair County, IL",2022 Disasters including Hurricanes Fiona and Ian,0.13023877080462865,0.0,,1,0.0,0.0,,,0
St. Tammany Parish,2011-2013 Hurricane Sandy and Other Events,0.020823648199316508,0.5600211800556357,17.78975906990693,33,-48.43785472304105,60.77563919069691,0.4119940563772679,18.053752880792977,32
Tennessee,2011-2013 Hurricane Sandy and Other Events,0.03628166036913233,0.0,0.6503833307418116,27,-2.036080959621467,1.6644607941469158,0.0,0.6632634589535936,26
Tennessee,2013 National Disaster Resilience,0.03413096846551023,-0.013641404514736902,1.4630910362578118,29,-4.959101731623372,2.5505463114374183,-0.014156358919792786,1.4899363064439404,28
Texas - GLO,2008 Hurricane Ike and Other Events,0.01545446197727107,1.3239615755790526,3.6721830295984375,63,-19.490396908499264,8.979667628076077,1.3414101352311079,3.6995266825131927,62
Texas - GLO,2011 Multiple Disasters,0.020432693013689645,2.0386952133421627,2.7840840850126574,47,-0.4669040062329821,10.708193815240863,2.082931584760243,2.798098516956621,46
Texas - GLO,2015 Hurricane Joaquin and Patricia and Other Events,0.03020921781484741,3.020921781484741,28.112811916089054,31,-98.09878684957913,100.0,3.0017527940413538,28.5932015589358,30
Texas - GLO,2015-2018 Mitigation,0.015652566673194125,1.5620461218395727,0.9524459723380649,16,-0.4363365999273932,3.348843131283208,1.54293831375026,0.982695780353728,15
Texas - GLO,2016 Louisiana Floods and Other Events,0.03120981767246256,2.653848057058682,3.476193418825671,27,-10.502988436272267,8.3314659573001,2.7215497160786635,3.5268360355375235,26
Texas - GLO,"2017 Hurricanes Harvey, Irma and Maria",0.031890172597297366,2.4036592910977332,7.949717618957656,26,-21.477172172305767,21.151195753246753,2.4767359602347145,8.10472888145979,25
Texas - GLO,2018 Disasters,0.039079341348260056,3.8125926975086704,3.7192524711000727,14,0.06004400803742982,11.07626525260947,4.092303240113834,3.71469595568172,13
Texas - GLO,2019 Disasters,0.03830243585718378,3.694837522394425,3.5545143010467255,14,0.010623905221385233,13.56519106558594,3.978238569869274,3.5311930813973573,13
"Town of Union, NY",2011 Multiple Disasters,0.023855075780585343,2.3770767453184796,3.4923032762907695,40,-2.3047843805625523,16.84930984532771,2.4337971724119414,3.519241328545347,39
"Tuscaloosa, AL",2011 Multiple Disasters,0.015562290874035899,-0.6543894918344821,6.2750681427980926,45,-33.803128884325915,10.753360182862659,-0.8012299181816431,6.2689195487126925,44
"Tuscaloosa, AL",2011-2013 Hurricane Sandy and Other Events,0.02599094402643899,-0.021960456926225325,12.255443790926174,38,-52.046199572344065,41.23080675126873,-0.052362555210021595,12.423039577766186,37
Virgin Islands,2015-2018 Mitigation,0.0906711364232232,9.06711364232232,57.471674745573736,3,-32.6966862984356,74.61255757130671,29.949013612701282,63.16378960990671,2
Virgin Islands,"2017 Hurricanes Harvey, Irma and Maria",0.02093239889119115,-1.9862269646660236,22.651676587491544,23,-92.84416672456021,33.1730496359557,-1.9120444496217515,23.18187038747192,22
Virginia,2013 National Disaster Resilience,0.032813501013419163,3.2550695273703996,10.312038364486224,30,-47.59451461037537,13.005031539481216,3.3627863451860693,10.477375945199638,29
"Volusia County, FL",2022 Disasters including Hurricanes Fiona and Ian,0.3333333333333333,33.333333333333336,37.793748438591884,3,0.0,74.39332055514856,50.0,34.497364760405496,2
Washington,"2020 Hurricanes Laura, Delta and Zeta (LDZ)/2021 Hurricane Ida and Wildfires (IDF)",0.005639791656156989,0.5639791656156983,24.70761066994811,8,-58.39063868839648,19.81574593637681,0.6502147610605851,26.685969243407413,7
West Virginia,2015-2018 Mitigation,0.00389818600592213,0.02992153853524866,1.9228240068175544,15,-6.784461821687199,1.1184751906351584,0.02429599550512624,1.9952806712628024,14
West Virginia,2016 Louisiana Floods and Other Events,0.03123540850738127,3.1235408507381273,3.039538978790639,29,-5.804067552746206,7.529981164934075,3.231255064410656,3.0384280293456323,28
Wisconsin,2018 Disasters,0.06084287505663267,6.463294203940345,10.3833918478713,15,-4.913855738938255,28.751534021854262,6.909013871099108,10.625396655672228,14
