Model,Variable,Coefficient,SE,Effect_Ratio,Effect_Lower,Effect_Upper,p_value,Interpretation,Capacity_Set,N,Events
Cox_PH,Ratio_disbursed_to_obligated,1.4740982682068398,0.5358879743150226,4.367096047559034,1.527721086089919,12.4836451249212,0.005945750391258549,Hazard Ratio (>1 = faster completion),ratios,152,41
Cox_PH,Ratio_expended_to_disbursed,-0.04309237714093915,0.08842893532663926,0.9578229050386031,0.8054050941649968,1.1390848208723194,0.6260380798912495,Hazard Ratio (>1 = faster completion),ratios,152,41
AFT_lognormal,Ratio_disbursed_to_obligated,-1.8536984587942549,0.4884146597745218,0.1566567052005032,0.0601464052479491,0.40802643454928983,0.00014744276135825903,Time Ratio (<1 = faster completion),ratios,152,41
AFT_lognormal,Ratio_expended_to_disbursed,0.00768891823463355,0.13390837604692918,1.0077185538730837,0.7750973256376138,1.3101537706696216,0.9542112307217355,Time Ratio (<1 = faster completion),ratios,152,41
Cox_PH,Disbursed_log,-0.04935892125424163,0.05359140036268171,0.9518394329779443,0.8569324920882495,1.0572575022379616,0.35703833216078795,Hazard Ratio (>1 = faster completion),absolute_log,156,41
Cox_PH,Expended_log,-0.016806854184062543,0.042045791138276535,0.983333593063481,0.9055479123066997,1.0678009877843342,0.6893573189160138,Hazard Ratio (>1 = faster completion),absolute_log,156,41
AFT_lognormal,Disbursed_log,0.6684746445100485,0.18067110299382785,1.9512586863258727,1.3693905537610118,2.7803685738193322,0.00021563914122258018,Time Ratio (<1 = faster completion),absolute_log,156,41
AFT_lognormal,Expended_log,-0.580431837346436,0.19244172582582994,0.5596566337388984,0.38380882992747295,0.8160717609001927,0.002560121702324644,Time Ratio (<1 = faster completion),absolute_log,156,41
Cox_PH,Disbursement_Velocity,9.057172613946616,6.759784013383449,8579.857757345426,0.015119641851905705,4868763417.633603,0.1802904602647038,Hazard Ratio (>1 = faster completion),velocity,151,40
Cox_PH,Expenditure_Velocity,41.46738059365961,12.525016004271576,1.0210677768260389e+18,22271097.49856609,4.6813113046610825e+28,0.0009304141546620162,Hazard Ratio (>1 = faster completion),velocity,151,40
AFT_lognormal,Disbursement_Velocity,16.664575786131984,13.758259817778521,17271629.259725265,3.359551618891107e-05,8.879434255689758e+18,0.22580284720849086,Time Ratio (<1 = faster completion),velocity,151,40
AFT_lognormal,Expenditure_Velocity,-41.07070174762878,14.773059786110608,1.456199451428546e-18,3.8758733302205685e-31,5.471068483603214e-06,0.005434082205256975,Time Ratio (<1 = faster completion),velocity,151,40
Cox_PH,Disbursement_Velocity_pp,0.09057172613946608,0.06759784013383448,1.094800030605221,0.9589487889866776,1.249896887903411,0.18029046026470416,Hazard Ratio (>1 = faster completion),velocity_pp,151,40
Cox_PH,Expenditure_Velocity_pp,0.41467380593659625,0.12525016004271577,1.5138768425043498,1.1843427782211395,1.935101168694772,0.000930414154662014,Hazard Ratio (>1 = faster completion),velocity_pp,151,40
AFT_lognormal,Disbursement_Velocity_pp,0.16664575786132632,0.13758259817778515,1.1813357122889672,0.9021168882395406,1.5469769863777538,0.22580284720847255,Time Ratio (<1 = faster completion),velocity_pp,151,40
AFT_lognormal,Expenditure_Velocity_pp,-0.4107070174762945,0.14773059786110584,0.6631812036428985,0.4964593516193742,0.8858918810385041,0.005434082205256146,Time Ratio (<1 = faster completion),velocity_pp,151,40
Cox_PH,Disbursement_Velocity_winsor,14.53287003688516,8.71281207094151,2049015.5922611156,0.07855723384974865,53444663102055.03,0.09531801653591697,Hazard Ratio (>1 = faster completion),velocity_winsor,151,40
Cox_PH,Expenditure_Velocity_winsor,43.00110858527486,13.238298742537937,4.733083587685447e+18,25508437.386908665,8.782223665144728e+29,0.0011612321951407628,Hazard Ratio (>1 = faster completion),velocity_winsor,151,40
AFT_lognormal,Disbursement_Velocity_winsor,17.811489078918243,14.115543842754853,54379025.6142753,5.25120193233277e-05,5.631241123200073e+19,0.20700811886174175,Time Ratio (<1 = faster completion),velocity_winsor,151,40
AFT_lognormal,Expenditure_Velocity_winsor,-43.12755028419635,15.509013131147979,1.8618423024202455e-19,1.1712429306301786e-32,2.959639429555773e-06,0.005422419996001668,Time Ratio (<1 = faster completion),velocity_winsor,151,40
Cox_PH,Disbursement_Velocity_scaled,0.330210276518756,0.24645109941144955,1.3912606471533622,0.8582799056984394,2.2552155485248844,0.18029046026470397,Hazard Ratio (>1 = faster completion),velocity_scaled,151,40
Cox_PH,Expenditure_Velocity_scaled,0.7161803271769804,0.21631870476062037,2.046600915866931,1.3393754947894685,3.1272599245857844,0.000930414154662014,Hazard Ratio (>1 = faster completion),velocity_scaled,151,40
AFT_lognormal,Disbursement_Velocity_scaled,0.6076414566854814,0.5016064519176393,1.8360957764965116,0.6869531916637841,4.907536265030297,0.2257456517339538,Time Ratio (<1 = faster completion),velocity_scaled,151,40
AFT_lognormal,Expenditure_Velocity_scaled,-0.7093677387227814,0.2551452733436262,0.4919551433383492,0.29836333645717966,0.8111581869637317,0.005431700389713962,Time Ratio (<1 = faster completion),velocity_scaled,151,40
Cox_PH,Capacity_Absolute_Index,-0.044712836824752106,0.04555170195020456,0.9562720485263471,0.8745965959949089,1.0455748798707871,0.3263046705900389,Hazard Ratio (>1 = faster completion),absolute_index,156,41
AFT_lognormal,Capacity_Absolute_Index,0.08130242903446586,0.030932447527266222,1.084698891405093,1.020891174086619,1.1524947172435933,0.00857909667307219,Time Ratio (<1 = faster completion),absolute_index,156,41
Cox_PH,Capacity_Velocity_Index,31.31869080544271,10.458327719755111,39951638674816.81,50048.36596736848,3.1891819082441223e+22,0.0027478922979532984,Hazard Ratio (>1 = faster completion),velocity_index,151,40
AFT_lognormal,Capacity_Velocity_Index,-17.12795759952646,2.0469908921193567,3.642692639940018e-08,6.592053478287411e-10,2.0129098941291458e-06,5.891177326181763e-17,Time Ratio (<1 = faster completion),velocity_index,151,40
Cox_PH,Capacity_Velocity_Index_pp,0.3131869080544271,0.1045832771975511,1.3677771557047682,1.1142788800824204,1.6789462504480444,0.0027478922979532914,Hazard Ratio (>1 = faster completion),velocity_index_pp,151,40
AFT_lognormal,Capacity_Velocity_Index_pp,-0.17127957599526455,0.020469908921193578,0.8425859737269373,0.8094503351504161,0.8770780519714585,5.891177326182108e-17,Time Ratio (<1 = faster completion),velocity_index_pp,151,40
Cox_PH,Capacity_Velocity_Index_winsor,41.31432832883528,11.941548368661705,8.761628135860796e+17,59968117.65943459,1.2801156779185675e+28,0.0005407517111734318,Hazard Ratio (>1 = faster completion),velocity_index_winsor,151,40
AFT_lognormal,Capacity_Velocity_Index_winsor,-22.36958389195745,2.894486968013278,1.927583292019137e-10,6.625541510318804e-13,5.607960257866605e-08,1.0895669191506425e-14,Time Ratio (<1 = faster completion),velocity_index_winsor,151,40
Cox_PH,Capacity_Velocity_Index_scaled,0.9617188128668565,0.27899548321334994,2.6161893510277636,1.514215849566057,4.520126190986937,0.0005666878004822864,Hazard Ratio (>1 = faster completion),velocity_index_scaled,151,40
AFT_lognormal,Capacity_Velocity_Index_scaled,-0.5244560494283683,0.06219347399141145,0.5918772287766428,0.5239531439903868,0.6686068362455438,3.379125718600595e-17,Time Ratio (<1 = faster completion),velocity_index_scaled,151,40
Cox_PH,Ratio_disbursed_to_obligated_c,1.4752780978437965,0.5612515895992759,4.372251517593517,1.4553482163811782,13.135401629606887,0.00857496443458165,Hazard Ratio (>1 = faster completion),ratio_velocity_pp_interaction,151,40
Cox_PH,Disbursement_Velocity_pp_c,0.12250746535469714,0.0672372906226584,1.1303275583386607,0.9907676793264557,1.2895458903225472,0.06845245405667268,Hazard Ratio (>1 = faster completion),ratio_velocity_pp_interaction,151,40
Cox_PH,Ratio_disbursed_to_obligated_x_Disbursement_Velocity_pp,0.18028030640395243,0.1827461047985888,1.197552997853701,0.8370299075289573,1.7133595463777047,0.3238843959015883,Hazard Ratio (>1 = faster completion),ratio_velocity_pp_interaction,151,40
AFT_lognormal,Disbursement_Velocity_pp_c,-0.13510754669578687,0.055567666825587024,0.8736219514813214,0.7834733965581085,0.9741432414462668,0.015040359286493837,Time Ratio (<1 = faster completion),ratio_velocity_pp_interaction,151,40
AFT_lognormal,Ratio_disbursed_to_obligated_c,-0.7666033197159544,0.28302851928945344,0.46458844969039653,0.2667805085227164,0.8090637085180723,0.0067573306541975344,Time Ratio (<1 = faster completion),ratio_velocity_pp_interaction,151,40
AFT_lognormal,Ratio_disbursed_to_obligated_x_Disbursement_Velocity_pp,0.2130266955882918,0.21578075723540519,1.2374176843957267,0.8106686993464125,1.8888141689567977,0.3235265848777563,Time Ratio (<1 = faster completion),ratio_velocity_pp_interaction,151,40
Cox_PH,Ratio_disbursed_to_obligated_c,1.465976997316311,0.5623481173002858,4.331773304476966,1.4387791487658363,13.041793090673435,0.009136998196184645,Hazard Ratio (>1 = faster completion),ratio_velocity_index_pp_interaction,151,40
Cox_PH,Capacity_Velocity_Index_pp_c,0.2791516680002667,0.10617016252782772,1.322007834949778,1.0736477612079813,1.627819457009088,0.008556449434215848,Hazard Ratio (>1 = faster completion),ratio_velocity_index_pp_interaction,151,40
Cox_PH,Ratio_disbursed_to_obligated_x_Capacity_Velocity_Index_pp,0.5129670577377154,0.3149698161885357,1.670239547465009,0.9008987181244708,3.0965746646014036,0.10339287187108827,Hazard Ratio (>1 = faster completion),ratio_velocity_index_pp_interaction,151,40
AFT_lognormal,Capacity_Velocity_Index_pp_c,-0.20506694441421366,0.04524977130826143,0.8145927821494291,0.7454592060815585,0.8901377772472623,5.845854517144635e-06,Time Ratio (<1 = faster completion),ratio_velocity_index_pp_interaction,151,40
AFT_lognormal,Ratio_disbursed_to_obligated_c,-0.8040508530656226,0.23450448403415128,0.44751248014424155,0.2826145861384325,0.7086237926401776,0.0006064287321166018,Time Ratio (<1 = faster completion),ratio_velocity_index_pp_interaction,151,40
AFT_lognormal,Ratio_disbursed_to_obligated_x_Capacity_Velocity_Index_pp,0.0939276661346393,0.1694055000137052,1.0984802857182883,0.788123076652427,1.5310539354297896,0.5792677382372357,Time Ratio (<1 = faster completion),ratio_velocity_index_pp_interaction,151,40
Cox_PH,Ratio_disbursed_to_obligated_high,0.5707146855286144,0.4176010158779808,1.7695312580073816,0.7805408005542734,4.011629976090483,0.17173484388878038,Hazard Ratio (>1 = faster completion),ratio_velocity_pp_threshold_interaction,151,40
Cox_PH,Disbursement_Velocity_pp_c,0.11341284039856513,0.0671089226848146,1.120094257668625,0.9820449172385465,1.2775496558651538,0.09103148665516594,Hazard Ratio (>1 = faster completion),ratio_velocity_pp_threshold_interaction,151,40
Cox_PH,Ratio_disbursed_to_obligated_high_x_Disbursement_Velocity_pp,0.13804322335283806,0.07550802077414122,1.1480251706988105,0.9900995573712277,1.331140674436113,0.06752061440358753,Hazard Ratio (>1 = faster completion),ratio_velocity_pp_threshold_interaction,151,40
AFT_lognormal,Disbursement_Velocity_pp_c,-0.4357205707218271,0.04036623052954162,0.6467984351063923,0.5975980377311282,0.7000495136235731,3.667004048712631e-27,Time Ratio (<1 = faster completion),ratio_velocity_pp_threshold_interaction,151,40
AFT_lognormal,Ratio_disbursed_to_obligated_high,-8.510020268412687,,0.0002014397420070033,,,,Time Ratio (<1 = faster completion),ratio_velocity_pp_threshold_interaction,151,40
AFT_lognormal,Ratio_disbursed_to_obligated_high_x_Disbursement_Velocity_pp,0.358705213672712,0.03988665881006728,1.4314747601815399,1.323829667006356,1.547872842033052,2.4032584088998723e-19,Time Ratio (<1 = faster completion),ratio_velocity_pp_threshold_interaction,151,40
Cox_PH,Ratio_disbursed_to_obligated_high,0.5265064319281408,0.42218621604089474,1.6930073286355645,0.7401048998463876,3.872793999078562,0.21236256809737952,Hazard Ratio (>1 = faster completion),ratio_velocity_index_pp_threshold_interaction,151,40
Cox_PH,Capacity_Velocity_Index_pp_c,0.22319996484926044,0.10692479059890335,1.250070518907905,1.0137245549646614,1.5415196313333401,0.036847636153311845,Hazard Ratio (>1 = faster completion),ratio_velocity_index_pp_threshold_interaction,151,40
Cox_PH,Ratio_disbursed_to_obligated_high_x_Capacity_Velocity_Index_pp,0.395731163602043,0.13196154779526134,1.4854699154855362,1.1469328387297832,1.9239320693410584,0.002710123117587596,Hazard Ratio (>1 = faster completion),ratio_velocity_index_pp_threshold_interaction,151,40
AFT_lognormal,Capacity_Velocity_Index_pp_c,-0.7427115513183109,5173585.460283577,0.47582194906269515,0.0,inf,0.9999998854569845,Time Ratio (<1 = faster completion),ratio_velocity_index_pp_threshold_interaction,151,40
AFT_lognormal,Ratio_disbursed_to_obligated_high,-9.105989418394195,0.04747417677166437,0.00011099899415116708,0.00010113674003221353,0.00012182295670837794,0.0,Time Ratio (<1 = faster completion),ratio_velocity_index_pp_threshold_interaction,151,40
AFT_lognormal,Ratio_disbursed_to_obligated_high_x_Capacity_Velocity_Index_pp,0.5711508687772394,5173585.46028358,1.770303266256336,0.0,inf,0.9999999119155442,Time Ratio (<1 = faster completion),ratio_velocity_index_pp_threshold_interaction,151,40
Cox_PH,Ratio_disbursed_to_obligated_high_q25,0.15926669473068267,0.5660164642535186,1.1726506447292842,0.3867003443588115,3.5560080425169454,0.7784176258112931,Hazard Ratio (>1 = faster completion),ratio_velocity_pp_threshold_q25_interaction,151,40
Cox_PH,Disbursement_Velocity_pp_c,0.11498803971125733,0.06715932524823279,1.121860019721933,0.9834958910948124,1.2796900477636723,0.08686573438848001,Hazard Ratio (>1 = faster completion),ratio_velocity_pp_threshold_q25_interaction,151,40
Cox_PH,Ratio_disbursed_to_obligated_high_q25_x_Disbursement_Velocity_pp,0.12288304083692267,0.0708864428947745,1.1307521613867126,0.984076309896469,1.2992899408535086,0.08300335010596634,Hazard Ratio (>1 = faster completion),ratio_velocity_pp_threshold_q25_interaction,151,40
AFT_lognormal,Disbursement_Velocity_pp_c,-0.9399612770775693,,0.3906429619027591,,,,Time Ratio (<1 = faster completion),ratio_velocity_pp_threshold_q25_interaction,151,40
AFT_lognormal,Ratio_disbursed_to_obligated_high_q25,-7.6433970822972634,0.04875114573760775,0.00047919780951748397,0.0004355296975500815,0.000527244277343337,0.0,Time Ratio (<1 = faster completion),ratio_velocity_pp_threshold_q25_interaction,151,40
AFT_lognormal,Ratio_disbursed_to_obligated_high_q25_x_Disbursement_Velocity_pp,0.8619623993735694,,2.3678027120279856,,,,Time Ratio (<1 = faster completion),ratio_velocity_pp_threshold_q25_interaction,151,40
Cox_PH,Ratio_disbursed_to_obligated_high_q33,0.15439765640484104,0.5145252685221572,1.1669548415919435,0.42568598070112706,3.1990332405872257,0.7641177445006476,Hazard Ratio (>1 = faster completion),ratio_velocity_pp_threshold_q33_interaction,151,40
Cox_PH,Disbursement_Velocity_pp_c,0.11415343868854202,0.06715210946781731,1.120924104814226,0.9826893046063988,1.278604379699476,0.08914534473346886,Hazard Ratio (>1 = faster completion),ratio_velocity_pp_threshold_q33_interaction,151,40
Cox_PH,Ratio_disbursed_to_obligated_high_q33_x_Disbursement_Velocity_pp,0.13206887650877808,0.07364665165202545,1.1411869175311598,0.9877991332695474,1.3183931194935565,0.07292857813098852,Hazard Ratio (>1 = faster completion),ratio_velocity_pp_threshold_q33_interaction,151,40
AFT_lognormal,Disbursement_Velocity_pp_c,-0.6397584539583175,1223629.5908371503,0.5274198048244277,0.0,inf,0.9999995828366715,Time Ratio (<1 = faster completion),ratio_velocity_pp_threshold_q33_interaction,151,40
AFT_lognormal,Ratio_disbursed_to_obligated_high_q33,-5.970633880300993,4246460.990097803,0.0025526228487176192,0.0,inf,0.9999988781536903,Time Ratio (<1 = faster completion),ratio_velocity_pp_threshold_q33_interaction,151,40
AFT_lognormal,Ratio_disbursed_to_obligated_high_q33_x_Disbursement_Velocity_pp,0.5618333873014953,1223629.5908371503,1.753885105101769,0.0,inf,0.9999996336487865,Time Ratio (<1 = faster completion),ratio_velocity_pp_threshold_q33_interaction,151,40
Cox_PH,Ratio_disbursed_to_obligated_high_q67,0.48543990034290585,0.32483410294532594,1.624889641159535,0.8596557656368429,3.071306506031078,0.1350648157143299,Hazard Ratio (>1 = faster completion),ratio_velocity_pp_threshold_q67_interaction,151,40
Cox_PH,Disbursement_Velocity_pp_c,0.12345134542178848,0.06713094240395259,1.1313949556585412,0.9919100175383174,1.2904946245692535,0.06592057098427519,Hazard Ratio (>1 = faster completion),ratio_velocity_pp_threshold_q67_interaction,151,40
Cox_PH,Ratio_disbursed_to_obligated_high_q67_x_Disbursement_Velocity_pp,0.09725658923624607,0.07706393818969919,1.102143135407992,0.9476349221436666,1.2818433159672025,0.20693991841372789,Hazard Ratio (>1 = faster completion),ratio_velocity_pp_threshold_q67_interaction,151,40
AFT_lognormal,Disbursement_Velocity_pp_c,-0.25331338847939966,0.04773137220729868,0.776224583860331,0.7069006410644652,0.8523469489033854,1.1140582118653403e-07,Time Ratio (<1 = faster completion),ratio_velocity_pp_threshold_q67_interaction,151,40
AFT_lognormal,Ratio_disbursed_to_obligated_high_q67,-0.23633177940142897,0.11409893333197316,0.7895186844373074,0.6313079002651705,0.9873783502690099,0.03833186712510829,Time Ratio (<1 = faster completion),ratio_velocity_pp_threshold_q67_interaction,151,40
AFT_lognormal,Ratio_disbursed_to_obligated_high_q67_x_Disbursement_Velocity_pp,0.18440184359081652,0.04985467844252184,1.2024989425135924,1.090556884933166,1.3259314820931376,0.00021663217846836538,Time Ratio (<1 = faster completion),ratio_velocity_pp_threshold_q67_interaction,151,40
Cox_PH,Ratio_disbursed_to_obligated_high_q75,0.6625397235562844,0.2943297221851545,1.9397124172507614,1.0894402895091122,3.4535938296646975,0.02438478015449457,Hazard Ratio (>1 = faster completion),ratio_velocity_pp_threshold_q75_interaction,151,40
Cox_PH,Disbursement_Velocity_pp_c,0.12913196037664815,0.06731669430548037,1.137840264089068,0.9971975980595665,1.2983188779250785,0.05507609680335143,Hazard Ratio (>1 = faster completion),ratio_velocity_pp_threshold_q75_interaction,151,40
Cox_PH,Ratio_disbursed_to_obligated_high_q75_x_Disbursement_Velocity_pp,0.060840859419374796,0.07877270666375831,1.0627297772954742,0.910691745272324,1.2401502324068672,0.4399014506617347,Hazard Ratio (>1 = faster completion),ratio_velocity_pp_threshold_q75_interaction,151,40
AFT_lognormal,Disbursement_Velocity_pp_c,-0.22912472816689414,0.037701324293963265,0.7952293398212831,0.7385858268533807,0.8562169485525907,1.221730660894424e-09,Time Ratio (<1 = faster completion),ratio_velocity_pp_threshold_q75_interaction,151,40
AFT_lognormal,Ratio_disbursed_to_obligated_high_q75,-0.2281911071749798,0.09223859322397945,0.7959721293143037,0.6643305561327225,0.9536993666727702,0.013363878048188676,Time Ratio (<1 = faster completion),ratio_velocity_pp_threshold_q75_interaction,151,40
AFT_lognormal,Ratio_disbursed_to_obligated_high_q75_x_Disbursement_Velocity_pp,0.16618064792299733,0.04070777954383423,1.1807863890664265,1.090236740880687,1.278856641244963,4.459557965386582e-05,Time Ratio (<1 = faster completion),ratio_velocity_pp_threshold_q75_interaction,151,40
Cox_PH,Ratio_disbursed_to_obligated_high_q25,0.11626640444439336,0.5763977458080847,1.1232950830784196,0.36296371147259093,3.476358114558891,0.8401417962305888,Hazard Ratio (>1 = faster completion),ratio_velocity_index_pp_threshold_q25_interaction,151,40
Cox_PH,Capacity_Velocity_Index_pp_c,0.24649755417847624,0.10634996790600681,1.2795360536969551,1.0387888293442649,1.5760782812266736,0.020460398353732392,Hazard Ratio (>1 = faster completion),ratio_velocity_index_pp_threshold_q25_interaction,151,40
Cox_PH,Ratio_disbursed_to_obligated_high_q25_x_Capacity_Velocity_Index_pp,0.29368540175747565,0.11586222831784293,1.3413618472016224,1.0688674255424488,1.683325323732296,0.01125175699497305,Hazard Ratio (>1 = faster completion),ratio_velocity_index_pp_threshold_q25_interaction,151,40
AFT_lognormal,Capacity_Velocity_Index_pp_c,-2.1403188892151417,16319478.721386785,0.11761733014277452,0.0,inf,0.9999998953564985,Time Ratio (<1 = faster completion),ratio_velocity_index_pp_threshold_q25_interaction,151,40
AFT_lognormal,Ratio_disbursed_to_obligated_high_q25,-6.6478650365253955,0.044101647852469526,0.0012967877466172712,0.0011894043088670203,0.001413866123772985,0.0,Time Ratio (<1 = faster completion),ratio_velocity_index_pp_threshold_q25_interaction,151,40
AFT_lognormal,Ratio_disbursed_to_obligated_high_q25_x_Capacity_Velocity_Index_pp,1.9694981871544863,16319478.721386785,7.167079053468745,0.0,inf,0.9999999037081868,Time Ratio (<1 = faster completion),ratio_velocity_index_pp_threshold_q25_interaction,151,40
Cox_PH,Ratio_disbursed_to_obligated_high_q33,0.11181727664124275,0.5236461504547459,1.118308500889554,0.4007127995429107,3.120973187251331,0.8309089539445862,Hazard Ratio (>1 = faster completion),ratio_velocity_index_pp_threshold_q33_interaction,151,40
Cox_PH,Capacity_Velocity_Index_pp_c,0.23181436738642458,0.10685987313597578,1.260885645604448,1.0226250141077946,1.5546584421058978,0.030057611646170077,Hazard Ratio (>1 = faster completion),ratio_velocity_index_pp_threshold_q33_interaction,151,40
Cox_PH,Ratio_disbursed_to_obligated_high_q33_x_Capacity_Velocity_Index_pp,0.3558205303544873,0.12735699747379817,1.4273513590330096,1.1120502705399664,1.832050183436522,0.005207934242945161,Hazard Ratio (>1 = faster completion),ratio_velocity_index_pp_threshold_q33_interaction,151,40
AFT_lognormal,Capacity_Velocity_Index_pp_c,-0.8698546237716279,,0.41901245927106673,,,,Time Ratio (<1 = faster completion),ratio_velocity_index_pp_threshold_q33_interaction,151,40
AFT_lognormal,Ratio_disbursed_to_obligated_high_q33,-6.18018992011942,,0.002070034676072298,,,,Time Ratio (<1 = faster completion),ratio_velocity_index_pp_threshold_q33_interaction,151,40
AFT_lognormal,Ratio_disbursed_to_obligated_high_q33_x_Capacity_Velocity_Index_pp,0.6990401593281254,,2.0118207530512873,,,,Time Ratio (<1 = faster completion),ratio_velocity_index_pp_threshold_q33_interaction,151,40
Cox_PH,Ratio_disbursed_to_obligated_high_q67,0.5017880671991638,0.3216729787559326,1.6516719323293174,0.8792558221189863,3.1026466966917496,0.11877588229507993,Hazard Ratio (>1 = faster completion),ratio_velocity_index_pp_threshold_q67_interaction,151,40
Cox_PH,Capacity_Velocity_Index_pp_c,0.2707200010916076,0.10660306602649834,1.310907966193063,1.0637302464870475,1.6155220757364803,0.011100653553523469,Hazard Ratio (>1 = faster completion),ratio_velocity_index_pp_threshold_q67_interaction,151,40
Cox_PH,Ratio_disbursed_to_obligated_high_q67_x_Capacity_Velocity_Index_pp,0.2997883078561027,0.14355326984047612,1.3495730833149264,1.018599932403101,1.7880891695242884,0.0367670046551818,Hazard Ratio (>1 = faster completion),ratio_velocity_index_pp_threshold_q67_interaction,151,40
AFT_lognormal,Capacity_Velocity_Index_pp_c,-0.2575747901560827,0.04368796557628948,0.7729238170588107,0.70949514216847,0.8420229984251342,3.729074682622122e-09,Time Ratio (<1 = faster completion),ratio_velocity_index_pp_threshold_q67_interaction,151,40
AFT_lognormal,Ratio_disbursed_to_obligated_high_q67,-0.28738587186619413,0.11022344624085383,0.7502221833429839,0.604459954517556,0.9311341804754193,0.009125868730777451,Time Ratio (<1 = faster completion),ratio_velocity_index_pp_threshold_q67_interaction,151,40
AFT_lognormal,Ratio_disbursed_to_obligated_high_q67_x_Capacity_Velocity_Index_pp,0.09700737202734852,0.04976149714651637,1.1018684965957606,0.9994767667376749,1.21474978128117,0.05124213659212189,Time Ratio (<1 = faster completion),ratio_velocity_index_pp_threshold_q67_interaction,151,40
Cox_PH,Ratio_disbursed_to_obligated_high_q75,0.7063283761857687,0.2914918493967632,2.02653690107619,1.1445537803693524,3.588168491390756,0.015386586300858015,Hazard Ratio (>1 = faster completion),ratio_velocity_index_pp_threshold_q75_interaction,151,40
Cox_PH,Capacity_Velocity_Index_pp_c,0.30169557667063024,0.1066270199698017,1.352149538184646,1.0971440197273012,1.6664251372097747,0.004662842006274779,Hazard Ratio (>1 = faster completion),ratio_velocity_index_pp_threshold_q75_interaction,151,40
Cox_PH,Ratio_disbursed_to_obligated_high_q75_x_Capacity_Velocity_Index_pp,0.2195368279791719,0.1543634897783945,1.2454997163487087,0.920341895423468,1.6855361590498317,0.15496618179169042,Hazard Ratio (>1 = faster completion),ratio_velocity_index_pp_threshold_q75_interaction,151,40
AFT_lognormal,Capacity_Velocity_Index_pp_c,-0.24443065542698944,0.03497439440639573,0.7831502937051728,0.7312651162574834,0.8387168605408257,2.7715649402219997e-12,Time Ratio (<1 = faster completion),ratio_velocity_index_pp_threshold_q75_interaction,151,40
AFT_lognormal,Ratio_disbursed_to_obligated_high_q75,-0.2819780493178722,0.08623248059836289,0.7542902415366936,0.6369968263603678,0.8931814805551476,0.0010755701796547536,Time Ratio (<1 = faster completion),ratio_velocity_index_pp_threshold_q75_interaction,151,40
AFT_lognormal,Ratio_disbursed_to_obligated_high_q75_x_Capacity_Velocity_Index_pp,0.09324169914358968,0.04294259036094859,1.0977270228882225,1.0091170782991639,1.1941177517380233,0.029907705977396285,Time Ratio (<1 = faster completion),ratio_velocity_index_pp_threshold_q75_interaction,151,40
Cox_PH,Ratio_disbursed_to_obligated_c,0.7138244287415321,0.703641100218974,2.041785007094685,0.5141260625441368,8.108684462653066,0.3103574245416785,Hazard Ratio (>1 = faster completion),ratio_velocity_pp_spline_interaction,151,40
Cox_PH,Ratio_disbursed_to_obligated_above,1.5910810743623411,0.888335163521919,4.909053112164381,0.8606874467696408,27.99948174973293,0.07328014569789823,Hazard Ratio (>1 = faster completion),ratio_velocity_pp_spline_interaction,151,40
Cox_PH,Disbursement_Velocity_pp_c,0.12153246367923376,0.06727026519908375,1.1292260241615546,0.9897381821135651,1.2883724571690796,0.07082002471681044,Hazard Ratio (>1 = faster completion),ratio_velocity_pp_spline_interaction,151,40
Cox_PH,Ratio_disbursed_to_obligated_above_x_Disbursement_Velocity_pp,0.2550924604935804,0.19776137084551093,1.2905809431075137,0.8758918067963225,1.9016037800426573,0.19708526096585832,Hazard Ratio (>1 = faster completion),ratio_velocity_pp_spline_interaction,151,40
AFT_lognormal,Disbursement_Velocity_pp_c,-0.1372467917517896,0.06010281394258572,0.8717550576244925,0.7748807422412077,0.9807404405171293,0.02239895926733106,Time Ratio (<1 = faster completion),ratio_velocity_pp_spline_interaction,151,40
AFT_lognormal,Ratio_disbursed_to_obligated_above,79.9611465633321,9996.893154106052,5.329478556200245e+34,0.0,inf,0.9936181088426759,Time Ratio (<1 = faster completion),ratio_velocity_pp_spline_interaction,151,40
AFT_lognormal,Ratio_disbursed_to_obligated_above_x_Disbursement_Velocity_pp,0.2340996737350048,0.24356057112738508,1.2637704506513043,0.7840595744273435,2.036982652888197,0.33647379915126463,Time Ratio (<1 = faster completion),ratio_velocity_pp_spline_interaction,151,40
AFT_lognormal,Ratio_disbursed_to_obligated_c,-80.61132677360136,9996.893073304002,9.793673090591309e-36,0.0,inf,0.9935662174666706,Time Ratio (<1 = faster completion),ratio_velocity_pp_spline_interaction,151,40
Cox_PH,Ratio_disbursed_to_obligated_c,0.6990046726913628,0.7059115625142576,2.011749361565722,0.5043138098356299,8.025034045923045,0.3220687275022242,Hazard Ratio (>1 = faster completion),ratio_velocity_index_pp_spline_interaction,151,40
Cox_PH,Ratio_disbursed_to_obligated_above,1.6002072977916424,0.8918471639169302,4.954059283507761,0.8626199880267053,28.451350218132937,0.07277139219578099,Hazard Ratio (>1 = faster completion),ratio_velocity_index_pp_spline_interaction,151,40
Cox_PH,Capacity_Velocity_Index_pp_c,0.26201792929762124,0.10758789635173341,1.2995498422364016,1.0524802560234114,1.604618977687587,0.01487595986925316,Hazard Ratio (>1 = faster completion),ratio_velocity_index_pp_spline_interaction,151,40
Cox_PH,Ratio_disbursed_to_obligated_above_x_Capacity_Velocity_Index_pp,0.7126971420275058,0.36208244846540105,2.039484626820954,1.0030331743939176,4.146919213865863,0.04903027204053918,Hazard Ratio (>1 = faster completion),ratio_velocity_index_pp_spline_interaction,151,40
AFT_lognormal,Capacity_Velocity_Index_pp_c,-0.20883349011820634,0.049744919276863246,0.8115303522169965,0.736142370843009,0.8946387800164985,2.691794352414613e-05,Time Ratio (<1 = faster completion),ratio_velocity_index_pp_spline_interaction,151,40
AFT_lognormal,Ratio_disbursed_to_obligated_above,64.66683542258563,10271.672556247504,1.2146461730111893e+28,0.0,inf,0.9949768327934365,Time Ratio (<1 = faster completion),ratio_velocity_index_pp_spline_interaction,151,40
AFT_lognormal,Ratio_disbursed_to_obligated_above_x_Capacity_Velocity_Index_pp,0.11675592769561305,0.19477566080659733,1.1238450967508244,0.7672079811177007,1.646265201322382,0.5488808597479349,Time Ratio (<1 = faster completion),ratio_velocity_index_pp_spline_interaction,151,40
AFT_lognormal,Ratio_disbursed_to_obligated_c,-65.40443131262604,10271.672510072427,3.937462121627213e-29,0.0,inf,0.9949195388320348,Time Ratio (<1 = faster completion),ratio_velocity_index_pp_spline_interaction,151,40
Cox_PH,Ratio_disbursed_to_obligated_c,0.9252091518558723,0.6594301805084529,2.5223957689478445,0.6926362895575617,9.185889493705533,0.16060390234662308,Hazard Ratio (>1 = faster completion),ratio_velocity_pp_spline_q25_interaction,151,40
Cox_PH,Ratio_disbursed_to_obligated_above_q25,1.0392971202494758,0.6782490813555531,2.827229113711728,0.7482286605843383,10.682863250890168,0.12544258335479988,Hazard Ratio (>1 = faster completion),ratio_velocity_pp_spline_q25_interaction,151,40
Cox_PH,Disbursement_Velocity_pp_c,0.11769820378007519,0.06723027315194488,1.1249045681870402,0.9860278195058705,1.2833413647114018,0.08000230463352383,Hazard Ratio (>1 = faster completion),ratio_velocity_pp_spline_q25_interaction,151,40
Cox_PH,Ratio_disbursed_to_obligated_above_q25_x_Disbursement_Velocity_pp,0.17197590930488033,0.1091128947740578,1.187649221573964,0.9589834759945787,1.4708393927667809,0.11499626365656614,Hazard Ratio (>1 = faster completion),ratio_velocity_pp_spline_q25_interaction,151,40
AFT_lognormal,Disbursement_Velocity_pp_c,-0.20264850447777757,0.12376809425712006,0.8165652100034891,0.6406772162675609,1.0407405246475643,0.10156273255616242,Time Ratio (<1 = faster completion),ratio_velocity_pp_spline_q25_interaction,151,40
AFT_lognormal,Ratio_disbursed_to_obligated_above_q25,3.558679536226097,178.88213426674486,35.116796059320485,1.908825130447605e-151,6.460462751675932e+153,0.9841279388320784,Time Ratio (<1 = faster completion),ratio_velocity_pp_spline_q25_interaction,151,40
AFT_lognormal,Ratio_disbursed_to_obligated_above_q25_x_Disbursement_Velocity_pp,0.21268281323042915,0.2166851705674019,1.236992231441831,0.808954733556618,1.8915147129679863,0.32633186234809136,Time Ratio (<1 = faster completion),ratio_velocity_pp_spline_q25_interaction,151,40
AFT_lognormal,Ratio_disbursed_to_obligated_c,-4.325159765065438,178.87668241209786,0.013231436006427151,7.269405016614782e-155,2.408325005857214e+150,0.9807093808273336,Time Ratio (<1 = faster completion),ratio_velocity_pp_spline_q25_interaction,151,40
Cox_PH,Ratio_disbursed_to_obligated_c,0.8653320200234558,0.6709149346729051,2.3757947664750994,0.6378595961250915,8.848970536305204,0.19712738751506628,Hazard Ratio (>1 = faster completion),ratio_velocity_pp_spline_q33_interaction,151,40
Cox_PH,Ratio_disbursed_to_obligated_above_q33,1.1736767454251562,0.7227952209152342,3.2338608901219374,0.7842904496348055,13.33416244138866,0.10441794900194991,Hazard Ratio (>1 = faster completion),ratio_velocity_pp_spline_q33_interaction,151,40
Cox_PH,Disbursement_Velocity_pp_c,0.11844605379419323,0.06723747474777968,1.1257461427307847,0.9867515682591095,1.284319598406213,0.07813560068728824,Hazard Ratio (>1 = faster completion),ratio_velocity_pp_spline_q33_interaction,151,40
Cox_PH,Ratio_disbursed_to_obligated_above_q33_x_Disbursement_Velocity_pp,0.1922888653111716,0.12600962121109308,1.2120205771035024,0.9467829079281741,1.5515635812827213,0.12701345494163657,Hazard Ratio (>1 = faster completion),ratio_velocity_pp_spline_q33_interaction,151,40
AFT_lognormal,Disbursement_Velocity_pp_c,-0.18228498680921554,0.1038239655087014,0.8333638088778577,0.6799226617923116,1.0214326966491816,0.07913758907572,Time Ratio (<1 = faster completion),ratio_velocity_pp_spline_q33_interaction,151,40
AFT_lognormal,Ratio_disbursed_to_obligated_above_q33,3.7669898514680638,145.27042297070784,43.24968073357849,9.584615378445989e-123,1.9516014046457382e+125,0.9793124699420764,Time Ratio (<1 = faster completion),ratio_velocity_pp_spline_q33_interaction,151,40
AFT_lognormal,Ratio_disbursed_to_obligated_above_q33_x_Disbursement_Velocity_pp,0.21261532875247485,0.21796742144200268,1.2369087564835222,0.8068697959185775,1.8961464161932788,0.32933934974858753,Time Ratio (<1 = faster completion),ratio_velocity_pp_spline_q33_interaction,151,40
AFT_lognormal,Ratio_disbursed_to_obligated_c,-4.5331960501897735,145.26884990980562,0.01074627549320702,2.3888492587188393e-126,4.834228721398666e+121,0.9751056045288199,Time Ratio (<1 = faster completion),ratio_velocity_pp_spline_q33_interaction,151,40
Cox_PH,Ratio_disbursed_to_obligated_c,0.7272929331937686,0.7046122064466972,2.069470822298531,0.5201065344183241,8.234292786062852,0.3019836107323878,Hazard Ratio (>1 = faster completion),ratio_velocity_pp_spline_q67_interaction,151,40
Cox_PH,Ratio_disbursed_to_obligated_above_q67,1.8903775160514704,1.099282622907469,6.621868070720949,0.7678377480777793,57.10729494063873,0.08549671803921775,Hazard Ratio (>1 = faster completion),ratio_velocity_pp_spline_q67_interaction,151,40
Cox_PH,Disbursement_Velocity_pp_c,0.12394303119596936,0.06732057795087593,1.1319513832457733,0.9920290607592277,1.291609273070482,0.06560883154129792,Hazard Ratio (>1 = faster completion),ratio_velocity_pp_spline_q67_interaction,151,40
Cox_PH,Ratio_disbursed_to_obligated_above_q67_x_Disbursement_Velocity_pp,0.30624307221995123,0.3186340054580842,1.3583124344426343,0.7274077422697584,2.5364215450943806,0.3364956894537155,Hazard Ratio (>1 = faster completion),ratio_velocity_pp_spline_q67_interaction,151,40
AFT_lognormal,Disbursement_Velocity_pp_c,-0.08261196046502899,0.019654886588217263,0.9207083491510555,0.8859145034232654,0.9568687056378988,2.632542108160097e-05,Time Ratio (<1 = faster completion),ratio_velocity_pp_spline_q67_interaction,151,40
AFT_lognormal,Ratio_disbursed_to_obligated_above_q67,0.5608347473442687,1.1514683857877501,1.7521344796231952,0.18341538809325367,16.737828088467587,0.6262154700334286,Time Ratio (<1 = faster completion),ratio_velocity_pp_spline_q67_interaction,151,40
AFT_lognormal,Ratio_disbursed_to_obligated_above_q67_x_Disbursement_Velocity_pp,0.02627116460495522,0.1728536185421438,1.0266192935482448,0.7316041409630869,1.4405976058283059,0.8791987327475251,Time Ratio (<1 = faster completion),ratio_velocity_pp_spline_q67_interaction,151,40
AFT_lognormal,Ratio_disbursed_to_obligated_c,-1.2632915195598,0.9565469567422622,0.2827219086070232,0.043365585888945186,1.8432052967321781,0.18660840467064127,Time Ratio (<1 = faster completion),ratio_velocity_pp_spline_q67_interaction,151,40
Cox_PH,Ratio_disbursed_to_obligated_c,0.7622478456535047,0.6933953728128691,2.1430881416068877,0.550580494881948,8.341789847969146,0.2716382936625325,Hazard Ratio (>1 = faster completion),ratio_velocity_pp_spline_q75_interaction,151,40
Cox_PH,Ratio_disbursed_to_obligated_above_q75,2.056299966327199,1.2298598964307028,7.816993098287802,0.7017478435487251,87.07597987002057,0.09452845568884091,Hazard Ratio (>1 = faster completion),ratio_velocity_pp_spline_q75_interaction,151,40
Cox_PH,Disbursement_Velocity_pp_c,0.12424551487692466,0.06731468209050388,1.132293831856787,0.992340645847982,1.291985093047706,0.06492972120122738,Hazard Ratio (>1 = faster completion),ratio_velocity_pp_spline_q75_interaction,151,40
Cox_PH,Ratio_disbursed_to_obligated_above_q75_x_Disbursement_Velocity_pp,0.332434097117091,0.39280679850174166,1.3943580039446044,0.6456788204323147,3.0111476195899045,0.3973829891301822,Hazard Ratio (>1 = faster completion),ratio_velocity_pp_spline_q75_interaction,151,40
AFT_lognormal,Disbursement_Velocity_pp_c,-0.07884302466956288,0.014071831091833636,0.9241849873029108,0.8990439960728063,0.9500290247051639,2.1079811510054025e-08,Time Ratio (<1 = faster completion),ratio_velocity_pp_spline_q75_interaction,151,40
AFT_lognormal,Ratio_disbursed_to_obligated_above_q75,0.149883370884652,0.9100421365472665,1.1616987469299038,0.19519300490715577,6.9138951944534295,0.8691806091384313,Time Ratio (<1 = faster completion),ratio_velocity_pp_spline_q75_interaction,151,40
AFT_lognormal,Ratio_disbursed_to_obligated_above_q75_x_Disbursement_Velocity_pp,-0.041470676262610494,0.10782255435512589,0.9593774674619141,0.7766239679270333,1.185136131621567,0.7005192118504526,Time Ratio (<1 = faster completion),ratio_velocity_pp_spline_q75_interaction,151,40
AFT_lognormal,Ratio_disbursed_to_obligated_c,-0.9286417901064009,0.6568599713378531,0.3950899612127463,0.10903747191283715,1.4315819572180666,0.15743263352819653,Time Ratio (<1 = faster completion),ratio_velocity_pp_spline_q75_interaction,151,40
Cox_PH,Ratio_disbursed_to_obligated_c,0.917663579487678,0.661914421125525,2.5034344760004816,0.6840906459878187,9.161335873227834,0.165631516045116,Hazard Ratio (>1 = faster completion),ratio_velocity_index_pp_spline_q25_interaction,151,40
Cox_PH,Ratio_disbursed_to_obligated_above_q25,1.0315922011954044,0.6811656737231732,2.805529247452119,0.7382535226060247,10.661641451468801,0.12991143105257624,Hazard Ratio (>1 = faster completion),ratio_velocity_index_pp_spline_q25_interaction,151,40
Cox_PH,Capacity_Velocity_Index_pp_c,0.23927027236872436,0.1076286573457896,1.2703218230794857,1.0287268608513156,1.5686550002753574,0.026208428647420304,Hazard Ratio (>1 = faster completion),ratio_velocity_index_pp_spline_q25_interaction,151,40
Cox_PH,Ratio_disbursed_to_obligated_above_q25_x_Capacity_Velocity_Index_pp,0.5056233732166936,0.20053126156600923,1.6580187628691176,1.1191722200143062,2.4563031219546345,0.011688251525127265,Hazard Ratio (>1 = faster completion),ratio_velocity_index_pp_spline_q25_interaction,151,40
AFT_lognormal,Capacity_Velocity_Index_pp_c,-0.23491307565273106,0.09652722253147161,0.7906395724706102,0.654356508942482,0.9553063582522667,0.014947611562146901,Time Ratio (<1 = faster completion),ratio_velocity_index_pp_spline_q25_interaction,151,40
AFT_lognormal,Ratio_disbursed_to_obligated_above_q25,3.5623699648849936,516.2126223948386,35.24663151679779,0.0,inf,0.9944938629719495,Time Ratio (<1 = faster completion),ratio_velocity_index_pp_spline_q25_interaction,151,40
AFT_lognormal,Ratio_disbursed_to_obligated_above_q25_x_Capacity_Velocity_Index_pp,0.09389022890412166,0.16948297337465787,1.0984391624283885,0.7879739130781922,1.5312291099117255,0.5795923261001044,Time Ratio (<1 = faster completion),ratio_velocity_index_pp_spline_q25_interaction,151,40
AFT_lognormal,Ratio_disbursed_to_obligated_c,-4.3663857042107,516.2099270496809,0.012697048625588103,0.0,inf,0.9932511367675108,Time Ratio (<1 = faster completion),ratio_velocity_index_pp_spline_q25_interaction,151,40
Cox_PH,Ratio_disbursed_to_obligated_c,0.8562250553246387,0.6732667255812731,2.3542567094257234,0.6291701948690717,8.809261308109832,0.20346296378727619,Hazard Ratio (>1 = faster completion),ratio_velocity_index_pp_spline_q33_interaction,151,40
Cox_PH,Ratio_disbursed_to_obligated_above_q33,1.1665366845181293,0.7259374834428822,3.210853162435436,0.7739293891382302,13.321083519261808,0.10806792207657395,Hazard Ratio (>1 = faster completion),ratio_velocity_index_pp_spline_q33_interaction,151,40
Cox_PH,Capacity_Velocity_Index_pp_c,0.24315275020773355,0.10764565442579929,1.2752634059917753,1.0326942300586046,1.5748095683360723,0.023894241065127157,Hazard Ratio (>1 = faster completion),ratio_velocity_index_pp_spline_q33_interaction,151,40
Cox_PH,Ratio_disbursed_to_obligated_above_q33_x_Capacity_Velocity_Index_pp,0.5651164555354745,0.23224043084876378,1.7596526920866749,1.1162039245054185,2.774025004561656,0.014960863852474294,Hazard Ratio (>1 = faster completion),ratio_velocity_index_pp_spline_q33_interaction,151,40
AFT_lognormal,Capacity_Velocity_Index_pp_c,-0.22624252924675578,0.08198200986333079,0.7975246551545204,0.6791424932298369,0.9365421570876212,0.005786142487797825,Time Ratio (<1 = faster completion),ratio_velocity_index_pp_spline_q33_interaction,151,40
AFT_lognormal,Ratio_disbursed_to_obligated_above_q33,3.7784907125303993,328.16383955900915,43.74996061306417,2.0296025807060987e-278,9.430708611823898e+280,0.9908133303336764,Time Ratio (<1 = faster completion),ratio_velocity_index_pp_spline_q33_interaction,151,40
AFT_lognormal,Ratio_disbursed_to_obligated_above_q33_x_Capacity_Velocity_Index_pp,0.09451829755015241,0.17197150413245474,1.0991292743220176,0.7846326308508952,1.5396825395364155,0.5825827530053507,Time Ratio (<1 = faster completion),ratio_velocity_index_pp_spline_q33_interaction,151,40
AFT_lognormal,Ratio_disbursed_to_obligated_c,-4.582543668023047,328.16424818923724,0.010228844392359679,4.741459936331751e-282,2.206688636159907e+277,0.988858560810432,Time Ratio (<1 = faster completion),ratio_velocity_index_pp_spline_q33_interaction,151,40
Cox_PH,Ratio_disbursed_to_obligated_c,0.7124661277314153,0.7073257766317691,2.0390135311325164,0.5097336626335667,8.156369659129732,0.31380633772840194,Hazard Ratio (>1 = faster completion),ratio_velocity_index_pp_spline_q67_interaction,151,40
Cox_PH,Ratio_disbursed_to_obligated_above_q67,1.939869061157499,1.103646204201447,6.957839859491145,0.7999246439993298,60.52012008066639,0.0788000906461262,Hazard Ratio (>1 = faster completion),ratio_velocity_index_pp_spline_q67_interaction,151,40
Cox_PH,Capacity_Velocity_Index_pp_c,0.2830739755505051,0.10721123706391353,1.3272033387833835,1.0756700956452578,1.6375547759567637,0.008282321415157504,Hazard Ratio (>1 = faster completion),ratio_velocity_index_pp_spline_q67_interaction,151,40
Cox_PH,Ratio_disbursed_to_obligated_above_q67_x_Capacity_Velocity_Index_pp,0.7462472333976814,0.5563175038339622,2.1090702981508804,0.7088473789131596,6.275226028714972,0.17978890633495181,Hazard Ratio (>1 = faster completion),ratio_velocity_index_pp_spline_q67_interaction,151,40
AFT_lognormal,Capacity_Velocity_Index_pp_c,-0.183127212152714,0.026208648120320532,0.8326622242453174,0.7909700158643169,0.8765520383570299,2.8026280073521338e-12,Time Ratio (<1 = faster completion),ratio_velocity_index_pp_spline_q67_interaction,151,40
AFT_lognormal,Ratio_disbursed_to_obligated_above_q67,0.5212146047346135,1.0146015588364667,1.6840718896664166,0.23053146708089192,12.30243387367785,0.6074522521628403,Time Ratio (<1 = faster completion),ratio_velocity_index_pp_spline_q67_interaction,151,40
AFT_lognormal,Ratio_disbursed_to_obligated_above_q67_x_Capacity_Velocity_Index_pp,0.015477411253275933,0.21523153320077187,1.0155978067175742,0.6660645826763804,1.5485568994901664,0.9426731187890001,Time Ratio (<1 = faster completion),ratio_velocity_index_pp_spline_q67_interaction,151,40
AFT_lognormal,Ratio_disbursed_to_obligated_c,-1.2049247699747905,0.8634258652173973,0.299714546198008,0.05517703917977835,1.628010682305674,0.16286023740624944,Time Ratio (<1 = faster completion),ratio_velocity_index_pp_spline_q67_interaction,151,40
Cox_PH,Ratio_disbursed_to_obligated_c,0.7487851854232537,0.6968420994802992,2.1144298156084305,0.5395605686486526,8.286027009592646,0.28258042115358745,Hazard Ratio (>1 = faster completion),ratio_velocity_index_pp_spline_q75_interaction,151,40
Cox_PH,Ratio_disbursed_to_obligated_above_q75,2.133994977214194,1.2394702697831488,8.448551252098909,0.7442918039231996,95.90058345813422,0.08512402156227633,Hazard Ratio (>1 = faster completion),ratio_velocity_index_pp_spline_q75_interaction,151,40
Cox_PH,Capacity_Velocity_Index_pp_c,0.2881242768383259,0.1068805694073747,1.3339230695644242,1.0818171896113764,1.644779517836443,0.007022841779124503,Hazard Ratio (>1 = faster completion),ratio_velocity_index_pp_spline_q75_interaction,151,40
Cox_PH,Ratio_disbursed_to_obligated_above_q75_x_Capacity_Velocity_Index_pp,0.758623295501028,0.6682243741034485,2.135334471428233,0.5763314145115803,7.911512699223293,0.25625706147760446,Hazard Ratio (>1 = faster completion),ratio_velocity_index_pp_spline_q75_interaction,151,40
AFT_lognormal,Capacity_Velocity_Index_pp_c,-0.17911204287191154,0.02091940349199846,0.8360122249387205,0.8024278614486937,0.8710022094511705,1.1092113170430679e-17,Time Ratio (<1 = faster completion),ratio_velocity_index_pp_spline_q75_interaction,151,40
AFT_lognormal,Ratio_disbursed_to_obligated_above_q75,0.2748175345438692,0.794610627054094,1.3162904754122398,0.2773179280648561,6.2477771550917325,0.7294540759038488,Time Ratio (<1 = faster completion),ratio_velocity_index_pp_spline_q75_interaction,151,40
AFT_lognormal,Ratio_disbursed_to_obligated_above_q75_x_Capacity_Velocity_Index_pp,-0.09247408768385183,0.18221550186403093,0.9116728342130977,0.6378769332972889,1.3029901431704192,0.6118051124307307,Time Ratio (<1 = faster completion),ratio_velocity_index_pp_spline_q75_interaction,151,40
AFT_lognormal,Ratio_disbursed_to_obligated_c,-0.9636780318969458,0.5909618132560964,0.3814871804269926,0.11979876501013799,1.2148077554707775,0.10295485010425667,Time Ratio (<1 = faster completion),ratio_velocity_index_pp_spline_q75_interaction,151,40
Cox_PH,Disbursement_Velocity_early_2q_pp,0.05854455190817584,0.04144591594826849,1.060292222684085,0.9775674854748811,1.1500173790438988,0.1577872038244215,Hazard Ratio (>1 = faster completion),velocity_early_2q_pp,151,40
Cox_PH,Expenditure_Velocity_early_2q_pp,-0.021806223682094856,0.05011395120629408,0.9784298132092705,0.8868958133366162,1.0794107774341029,0.6634660398310702,Hazard Ratio (>1 = faster completion),velocity_early_2q_pp,151,40
AFT_lognormal,Disbursement_Velocity_early_2q_pp,-0.03312780893082633,0.02090229542289613,0.9674149074222916,0.9285829587142587,1.007870750071423,0.11299165579184205,Time Ratio (<1 = faster completion),velocity_early_2q_pp,151,40
AFT_lognormal,Expenditure_Velocity_early_2q_pp,0.021712405749988905,0.027862047203588584,1.0219498353069856,0.9676389921063813,1.0793089927169417,0.43581332210851453,Time Ratio (<1 = faster completion),velocity_early_2q_pp,151,40
Cox_PH,Disbursement_Velocity_early_3q_pp,0.09629566196313978,0.04730458926457086,1.1010845646965004,1.0035867878846458,1.208054184499922,0.04178535424618578,Hazard Ratio (>1 = faster completion),velocity_early_3q_pp,146,40
Cox_PH,Expenditure_Velocity_early_3q_pp,-0.03357049408335721,0.06354119949278839,0.966986741984672,0.8537567544471683,1.095233922664086,0.5972728013548064,Hazard Ratio (>1 = faster completion),velocity_early_3q_pp,146,40
AFT_lognormal,Disbursement_Velocity_early_3q_pp,-0.05022308326865682,0.020605714108839483,0.9510172447992045,0.9133742766740031,0.9902115956220168,0.014795855593555758,Time Ratio (<1 = faster completion),velocity_early_3q_pp,146,40
AFT_lognormal,Expenditure_Velocity_early_3q_pp,0.0231896129273983,0.029584906238031804,1.0234605825072352,0.965802673103948,1.0845606386443616,0.4331383631718201,Time Ratio (<1 = faster completion),velocity_early_3q_pp,146,40
Cox_PH,Disbursement_Velocity_early_4q_pp,0.09927101981415172,0.05133916299061494,1.104365563953658,0.9986490227486227,1.221273211172692,0.05315845845821302,Hazard Ratio (>1 = faster completion),velocity_early_4q_pp,139,40
Cox_PH,Expenditure_Velocity_early_4q_pp,0.005029230122280069,0.06422791958475778,1.0050418979276243,0.8861622851505437,1.1398693371591198,0.9375871384501938,Hazard Ratio (>1 = faster completion),velocity_early_4q_pp,139,40
AFT_lognormal,Disbursement_Velocity_early_4q_pp,-0.05121366160429957,0.017705020585738074,0.950075654156324,0.9176723545747774,0.9836231244416486,0.003820593558302571,Time Ratio (<1 = faster completion),velocity_early_4q_pp,139,40
AFT_lognormal,Expenditure_Velocity_early_4q_pp,0.011178258209596267,0.024802922970266456,1.0112409683835775,0.9632574343463602,1.061614745627444,0.6522179644819324,Time Ratio (<1 = faster completion),velocity_early_4q_pp,139,40
Cox_PH,Disbursement_Velocity_early_6q_pp,0.17930680793649892,0.0796124871392179,1.1963877491215489,1.023542040414313,1.3984219404107154,0.0243068081240191,Hazard Ratio (>1 = faster completion),velocity_early_6q_pp,125,40
Cox_PH,Expenditure_Velocity_early_6q_pp,-0.0280909638392275,0.08135787362538209,0.9722999186450354,0.8289881104371949,1.1403868401665873,0.7298864935245903,Hazard Ratio (>1 = faster completion),velocity_early_6q_pp,125,40
AFT_lognormal,Disbursement_Velocity_early_6q_pp,-0.10081402398094563,0.03123033319246466,0.9041011583859829,0.8504204946242137,0.9611702795992363,0.001246239764436451,Time Ratio (<1 = faster completion),velocity_early_6q_pp,125,40
AFT_lognormal,Expenditure_Velocity_early_6q_pp,0.04391810343233981,0.03311554974502998,1.0448967779245906,0.9792315168698869,1.1149654169701964,0.18477084578904807,Time Ratio (<1 = faster completion),velocity_early_6q_pp,125,40
Cox_PH,Capacity_Velocity_Index_early_2q_pp,0.04102303732900151,0.03720987622981039,1.0418761073116731,0.9685966767995302,1.1206995119719902,0.2702542984110916,Hazard Ratio (>1 = faster completion),velocity_index_early_2q_pp,151,40
AFT_lognormal,Capacity_Velocity_Index_early_2q_pp,-0.02130130287452842,0.019520876142261015,0.9789239675246026,0.9421775718141877,1.0171035300159952,0.27518211984271035,Time Ratio (<1 = faster completion),velocity_index_early_2q_pp,151,40
Cox_PH,Capacity_Velocity_Index_early_3q_pp,0.07908737217225592,0.05153587324510704,1.082298880743597,0.9783174375886364,1.1973320951388189,0.12488010440218242,Hazard Ratio (>1 = faster completion),velocity_index_early_3q_pp,146,40
AFT_lognormal,Capacity_Velocity_Index_early_3q_pp,-0.043787944092129355,0.025351705926350266,0.9571569067308231,0.9107595341807572,1.0059179286293265,0.08412836859881727,Time Ratio (<1 = faster completion),velocity_index_early_3q_pp,146,40
Cox_PH,Capacity_Velocity_Index_early_4q_pp,0.11071145994995263,0.05605498812721064,1.1170725401821961,1.000846059773623,1.2467961959218288,0.04826236149851389,Hazard Ratio (>1 = faster completion),velocity_index_early_4q_pp,139,40
AFT_lognormal,Capacity_Velocity_Index_early_4q_pp,-0.0487650657171832,0.024007504347323627,0.9524048559687787,0.9086285450806895,0.9982902414675499,0.04223039022175232,Time Ratio (<1 = faster completion),velocity_index_early_4q_pp,139,40
Cox_PH,Capacity_Velocity_Index_early_6q_pp,0.14007563304519058,0.05835484651661832,1.1503608008575095,1.026035386119705,1.2897508117669745,0.016376659154678407,Hazard Ratio (>1 = faster completion),velocity_index_early_6q_pp,125,40
AFT_lognormal,Capacity_Velocity_Index_early_6q_pp,-0.061050954983313144,0.022511209000735926,0.9407753013648872,0.9001695775800129,0.9832127075851156,0.006687360821730509,Time Ratio (<1 = faster completion),velocity_index_early_6q_pp,125,40
Cox_PH,Capacity_Velocity_Index_early_4q_scaled,0.26732877933220156,0.13535284927416116,1.3064699160329394,1.0020441559939703,1.7033816636613237,0.04826236149851395,Hazard Ratio (>1 = faster completion),velocity_index_early_4q_scaled,139,40
AFT_lognormal,Capacity_Velocity_Index_early_4q_scaled,-0.11775135081507808,0.0579698635435818,0.8889170536384668,0.7934456815998926,0.9958760209722213,0.04222952608880789,Time Ratio (<1 = faster completion),velocity_index_early_4q_scaled,139,40
Cox_PH,Capacity_Velocity_Index_early_6q_scaled,0.3068869398535855,0.12784764832962167,1.3591872894707295,1.0579257523592804,1.746237941310081,0.016376659154678407,Hazard Ratio (>1 = faster completion),velocity_index_early_6q_scaled,125,40
AFT_lognormal,Capacity_Velocity_Index_early_6q_scaled,-0.133755051126508,0.04931899464909297,0.8748043206942487,0.7942011562706907,0.9635878687193596,0.006687066654234675,Time Ratio (<1 = faster completion),velocity_index_early_6q_scaled,125,40
Cox_PH,Disbursement_Velocity_fixed_12m_pp,0.061217046491006635,0.051510875047108676,1.0631296377047734,0.961036957501664,1.1760678064915377,0.23466421680360414,Hazard Ratio (>1 = faster completion),velocity_fixed_12m_pp,150,39
Cox_PH,Expenditure_Velocity_fixed_12m_pp,0.062255441681108664,0.06094681641028492,1.0642341597729754,0.9444069416633326,1.199265165112948,0.3070310608281278,Hazard Ratio (>1 = faster completion),velocity_fixed_12m_pp,150,39
AFT_lognormal,Disbursement_Velocity_fixed_12m_pp,-0.05279323558881144,0.020989032763708462,0.9485761239909037,0.9103455885967414,0.9884121747572855,0.011893882623797382,Time Ratio (<1 = faster completion),velocity_fixed_12m_pp,150,39
AFT_lognormal,Expenditure_Velocity_fixed_12m_pp,-9.518386740261549e-05,0.02535609375826418,0.999904820662438,0.9514270967922984,1.0508526126224529,0.9970048399175514,Time Ratio (<1 = faster completion),velocity_fixed_12m_pp,150,39
Cox_PH,Disbursement_Velocity_fixed_18m_pp,0.08515416398554589,0.05502632855373623,1.0888849205987134,0.9775601463905431,1.2128873856868359,0.12173869362761813,Hazard Ratio (>1 = faster completion),velocity_fixed_18m_pp,151,40
Cox_PH,Expenditure_Velocity_fixed_18m_pp,0.06308420544109745,0.0685082990673474,1.065116524062006,0.9312853098655827,1.2181800763008643,0.3571414120867781,Hazard Ratio (>1 = faster completion),velocity_fixed_18m_pp,151,40
AFT_lognormal,Disbursement_Velocity_fixed_18m_pp,-0.06490515316687288,0.016840855154461182,0.9371563454737573,0.9067281277134337,0.9686056812602797,0.00011618956975892278,Time Ratio (<1 = faster completion),velocity_fixed_18m_pp,151,40
AFT_lognormal,Expenditure_Velocity_fixed_18m_pp,0.00290055263643124,0.025138710734324866,1.0029047633093382,0.9546882658138701,1.0535564333254912,0.908142411341276,Time Ratio (<1 = faster completion),velocity_fixed_18m_pp,151,40
Cox_PH,Capacity_Velocity_Index_fixed_12m_pp,0.11440184447121705,0.05318929290575376,1.121202583430219,1.0102044600034201,1.2443968353558261,0.03148855499355609,Hazard Ratio (>1 = faster completion),velocity_index_fixed_12m_pp,150,39
AFT_lognormal,Capacity_Velocity_Index_fixed_12m_pp,-0.05460788232504201,0.02145377526622604,0.9468563542826067,0.9078677968362424,0.9875192828401017,0.010916074327394547,Time Ratio (<1 = faster completion),velocity_index_fixed_12m_pp,150,39
Cox_PH,Capacity_Velocity_Index_fixed_18m_pp,0.1390629739825146,0.05636082813196865,1.1491964672031874,1.0290106232996679,1.2834197143635189,0.013610992107638015,Hazard Ratio (>1 = faster completion),velocity_index_fixed_18m_pp,151,40
AFT_lognormal,Capacity_Velocity_Index_fixed_18m_pp,-0.07008918732233745,0.023118140927503236,0.9323106659059832,0.8910097481114971,0.9755260024981114,0.0024311388468118886,Time Ratio (<1 = faster completion),velocity_index_fixed_18m_pp,151,40
Cox_PH,Capacity_Velocity_Index_fixed_12m_scaled,0.3116343220345903,0.14488935305893744,1.3656552116911236,1.028042396892394,1.8141412872239158,0.03148855499355609,Hazard Ratio (>1 = faster completion),velocity_index_fixed_12m_scaled,150,39
AFT_lognormal,Capacity_Velocity_Index_fixed_12m_scaled,-0.1487505743201094,0.05844056401475765,0.8617840391639159,0.7685174766404982,0.9663693445257657,0.010917422247866591,Time Ratio (<1 = faster completion),velocity_index_fixed_12m_scaled,150,39
Cox_PH,Capacity_Velocity_Index_fixed_18m_scaled,0.3685099362731225,0.14935337989984085,1.4455790042251713,1.0787281310299406,1.9371875056799064,0.01361099210763804,Hazard Ratio (>1 = faster completion),velocity_index_fixed_18m_scaled,151,40
AFT_lognormal,Capacity_Velocity_Index_fixed_18m_scaled,-0.18573243585255958,0.061261691380460045,0.8304957761510484,0.7365315954149761,0.9364475855460468,0.0024311020896148994,Time Ratio (<1 = faster completion),velocity_index_fixed_18m_scaled,151,40
Cox_PH,Capacity_Index_Q2,-0.4840545065875032,0.464931839192543,0.6162796096983271,0.24775766528089624,1.532951793436227,0.2978151970975688,Hazard Ratio (>1 = faster completion),quartiles_ratio,156,41
Cox_PH,Capacity_Index_Q3,-0.02700791389017703,0.39829257235602566,0.9733535384808494,0.4459060448089233,2.124701205338383,0.945937493712717,Hazard Ratio (>1 = faster completion),quartiles_ratio,156,41
Cox_PH,Capacity_Index_Q4,0.7372346368675341,0.38930156005272976,2.0901474983662864,0.9745471280311238,4.4828171355375686,0.05825997244430663,Hazard Ratio (>1 = faster completion),quartiles_ratio,156,41
AFT_lognormal,Capacity_Index_Q2,-2.2146204542703605,107.39605678847076,0.10919495086171957,4.192888211775446e-93,2.8437527287769246e+90,0.9835479411550109,Time Ratio (<1 = faster completion),quartiles_ratio,156,41
AFT_lognormal,Capacity_Index_Q3,-2.8289073020496436,107.39579336260533,0.059077372136876166,2.2696355423773992e-93,1.5377516933591047e+90,0.9789853922693764,Time Ratio (<1 = faster completion),quartiles_ratio,156,41
AFT_lognormal,Capacity_Index_Q4,-3.33799370522024,107.39588730193066,0.03550812607336002,1.363900682998624e-93,9.244272936865273e+89,0.9752047778047941,Time Ratio (<1 = faster completion),quartiles_ratio,156,41
Cox_PH,Capacity_Absolute_Index_Q2,0.10358429183669672,0.3961447679241829,1.1091392808120304,0.5102547409249447,2.4109329038476903,0.793721674193492,Hazard Ratio (>1 = faster completion),quartiles_absolute,156,41
Cox_PH,Capacity_Absolute_Index_Q3,0.02707600454661297,0.3861614267331508,1.0274458903550117,0.4820118963225645,2.1900809205359533,0.9441015174906363,Hazard Ratio (>1 = faster completion),quartiles_absolute,156,41
Cox_PH,Capacity_Absolute_Index_Q4,-0.3610516429489103,0.39102706704841933,0.6969430053454668,0.32385784439264037,1.4998233364113922,0.3558291017700759,Hazard Ratio (>1 = faster completion),quartiles_absolute,156,41
AFT_lognormal,Capacity_Absolute_Index_Q2,0.892202580204775,0.2576363984526477,2.4404991308397768,1.4729166020591502,4.043702134461053,0.0005341288137017397,Time Ratio (<1 = faster completion),quartiles_absolute,156,41
AFT_lognormal,Capacity_Absolute_Index_Q3,0.9274583052996855,0.25490244331110934,2.528075408874789,1.5339693109397432,4.166423165951127,0.00027424831527687996,Time Ratio (<1 = faster completion),quartiles_absolute,156,41
AFT_lognormal,Capacity_Absolute_Index_Q4,1.131544508729696,0.25725688046005546,3.100441462870447,1.872604585497805,5.13335134343422,1.0900139247229115e-05,Time Ratio (<1 = faster completion),quartiles_absolute,156,41
Cox_PH,Capacity_Velocity_Index_Q2,-0.5534592125515223,0.3485516721318074,0.5749574663123477,0.29036749425475245,1.1384748451845823,0.11231283870291317,Hazard Ratio (>1 = faster completion),quartiles_velocity,156,41
Cox_PH,Capacity_Velocity_Index_Q3,0.11020507113821273,0.3560624553556687,1.1165070103470216,0.555623419309225,2.243584162999926,0.756933220740108,Hazard Ratio (>1 = faster completion),quartiles_velocity,156,41
Cox_PH,Capacity_Velocity_Index_Q4,1.1417717982133382,0.4018513843576838,3.132313278572349,1.4249796853648977,6.885281647091155,0.004493301864315463,Hazard Ratio (>1 = faster completion),quartiles_velocity,156,41
AFT_lognormal,Capacity_Velocity_Index_Q2,0.3641011085990722,0.2552072973923417,1.4392197242918396,0.8727588411028836,2.3733399390983667,0.15366993657776357,Time Ratio (<1 = faster completion),quartiles_velocity,156,41
AFT_lognormal,Capacity_Velocity_Index_Q3,0.19079478659313365,0.252463941092997,1.2102110750592834,0.7378420915657534,1.9849922672317841,0.44981058890923986,Time Ratio (<1 = faster completion),quartiles_velocity,156,41
AFT_lognormal,Capacity_Velocity_Index_Q4,-0.16062897444222224,0.25939427819257593,0.851607980824331,0.5122039376659742,1.4159128809287786,0.5357540450966319,Time Ratio (<1 = faster completion),quartiles_velocity,156,41
Cox_PH,Capacity_Velocity_Index_pp_Q2,-0.5534592125515223,0.3485516721318074,0.5749574663123477,0.29036749425475245,1.1384748451845823,0.11231283870291317,Hazard Ratio (>1 = faster completion),quartiles_velocity_pp,156,41
Cox_PH,Capacity_Velocity_Index_pp_Q3,0.11020507113821273,0.3560624553556687,1.1165070103470216,0.555623419309225,2.243584162999926,0.756933220740108,Hazard Ratio (>1 = faster completion),quartiles_velocity_pp,156,41
Cox_PH,Capacity_Velocity_Index_pp_Q4,1.1417717982133382,0.4018513843576838,3.132313278572349,1.4249796853648977,6.885281647091155,0.004493301864315463,Hazard Ratio (>1 = faster completion),quartiles_velocity_pp,156,41
AFT_lognormal,Capacity_Velocity_Index_pp_Q2,0.3641011085990722,0.2552072973923417,1.4392197242918396,0.8727588411028836,2.3733399390983667,0.15366993657776357,Time Ratio (<1 = faster completion),quartiles_velocity_pp,156,41
AFT_lognormal,Capacity_Velocity_Index_pp_Q3,0.19079478659313365,0.252463941092997,1.2102110750592834,0.7378420915657534,1.9849922672317841,0.44981058890923986,Time Ratio (<1 = faster completion),quartiles_velocity_pp,156,41
AFT_lognormal,Capacity_Velocity_Index_pp_Q4,-0.16062897444222224,0.25939427819257593,0.851607980824331,0.5122039376659742,1.4159128809287786,0.5357540450966319,Time Ratio (<1 = faster completion),quartiles_velocity_pp,156,41
Cox_PH,Capacity_Velocity_Index_winsor_Q2,-0.5534592125515223,0.3485516721318074,0.5749574663123477,0.29036749425475245,1.1384748451845823,0.11231283870291317,Hazard Ratio (>1 = faster completion),quartiles_velocity_winsor,156,41
Cox_PH,Capacity_Velocity_Index_winsor_Q3,0.11020507113821273,0.3560624553556687,1.1165070103470216,0.555623419309225,2.243584162999926,0.756933220740108,Hazard Ratio (>1 = faster completion),quartiles_velocity_winsor,156,41
Cox_PH,Capacity_Velocity_Index_winsor_Q4,1.1417717982133382,0.4018513843576838,3.132313278572349,1.4249796853648977,6.885281647091155,0.004493301864315463,Hazard Ratio (>1 = faster completion),quartiles_velocity_winsor,156,41
AFT_lognormal,Capacity_Velocity_Index_winsor_Q2,0.3641011085990722,0.2552072973923417,1.4392197242918396,0.8727588411028836,2.3733399390983667,0.15366993657776357,Time Ratio (<1 = faster completion),quartiles_velocity_winsor,156,41
AFT_lognormal,Capacity_Velocity_Index_winsor_Q3,0.19079478659313365,0.252463941092997,1.2102110750592834,0.7378420915657534,1.9849922672317841,0.44981058890923986,Time Ratio (<1 = faster completion),quartiles_velocity_winsor,156,41
AFT_lognormal,Capacity_Velocity_Index_winsor_Q4,-0.16062897444222224,0.25939427819257593,0.851607980824331,0.5122039376659742,1.4159128809287786,0.5357540450966319,Time Ratio (<1 = faster completion),quartiles_velocity_winsor,156,41
Cox_PH,Capacity_Velocity_Index_scaled_Q2,-0.547153199887344,0.35284051246505443,0.5785946112645198,0.2897583739414274,1.155347883930397,0.12097127253091702,Hazard Ratio (>1 = faster completion),quartiles_velocity_scaled,156,41
Cox_PH,Capacity_Velocity_Index_scaled_Q3,0.1594351243494442,0.3570239571594236,1.1728481704644416,0.5825624008826872,2.3612454715195264,0.6551877129596462,Hazard Ratio (>1 = faster completion),quartiles_velocity_scaled,156,41
Cox_PH,Capacity_Velocity_Index_scaled_Q4,1.0257089863463629,0.3948482197401191,2.789072173841962,1.2863653665304464,6.047211619106827,0.009384230514843593,Hazard Ratio (>1 = faster completion),quartiles_velocity_scaled,156,41
AFT_lognormal,Capacity_Velocity_Index_scaled_Q2,0.37364474538750503,0.2608930190163929,1.4530208663912976,0.8713633929031144,2.422949661833299,0.15209343102547762,Time Ratio (<1 = faster completion),quartiles_velocity_scaled,156,41
AFT_lognormal,Capacity_Velocity_Index_scaled_Q3,0.1829025067404062,0.25702378483621136,1.2006973424766663,0.7255285504008648,1.9870673696217513,0.47670194800871857,Time Ratio (<1 = faster completion),quartiles_velocity_scaled,156,41
AFT_lognormal,Capacity_Velocity_Index_scaled_Q4,-0.1008211516050947,0.2584808412473266,0.9040947143156988,0.5447467391438523,1.500490399884222,0.6964975735155354,Time Ratio (<1 = faster completion),quartiles_velocity_scaled,156,41
Cox_PH,Capacity_PCA1,0.08638625143173308,0.12647989121036568,1.0902273488644108,0.8508582099385352,1.396937419570511,0.49460441581207903,Hazard Ratio (>1 = faster completion),pca,151,40
AFT_lognormal,Capacity_PCA1,-0.08205499149879696,0.07935938495164097,0.9212212979635079,0.7885207731009469,1.0762540554057485,0.301151553566953,Time Ratio (<1 = faster completion),pca,151,40
