model,variable,HR,HR_Lower,HR_Upper,p_value,concordance,n_obs,n_events
capacity_only,Ratio_disbursed_to_obligated_lag1,0.9999999999998781,0.9999999857863874,1.000000014213369,0.9999865860603986,0.6909389510891766,40277,31
capacity_only,Ratio_expended_to_disbursed_lag1,0.9999999998632254,0.9999999572158293,1.0000000425106232,0.9949845946292674,0.6909389510891766,40277,31
full_covariates,Ratio_disbursed_to_obligated_lag1,0.9999999999998621,0.9999999857863712,1.0000000142133532,0.9999848233780781,0.1714961798470213,40229,30
full_covariates,Ratio_expended_to_disbursed_lag1,0.9999999998520814,0.9999999572062929,1.0000000424978719,0.994575753764261,0.1714961798470213,40229,30
full_covariates,Government_Type_State,1.0044157953764492,0.9019781959860782,1.1184872256238845,0.9360137857401614,0.1714961798470213,40229,30
full_covariates,Log_Obligated,1.00042548278811,0.9835402700572191,1.0176005773038628,0.9609339704660221,0.1714961798470213,40229,30
full_covariates,Prior_Grant_Count,0.9999225805800626,0.9698111838838365,1.0309688976258007,0.9960401943186117,0.1714961798470213,40229,30
full_covariates,Prior_Grant_Dollars_log,1.0000613542202672,0.9968617122057676,1.0032712661738123,0.9700666781964119,0.1714961798470213,40229,30
full_covariates,Disaster_Year,0.999746080939185,0.9897948060837827,1.0097974046841542,0.960316685101268,0.1714961798470213,40229,30
full_covariates,Population_log,1.0004839768574971,0.9784953937748561,1.0229666836621898,0.9659607481583377,0.1714961798470213,40229,30
velocity_pp_only_lag1,Disbursement_Velocity_pp_lag1,1.0827249635938954,0.4823061324314721,2.430600127100739,0.8472380195066977,0.5426418766020589,80878,81
velocity_pp_only_lag1,Expenditure_Velocity_pp_lag1,0.9754754194184602,0.0006570562821586272,1448.2051533903407,0.9946828464336182,0.5426418766020589,80878,81
velocity_pp_full_lag1,Disbursement_Velocity_pp_lag1,1.0466099726241658,0.46320883568519766,2.364791753542454,0.912773519625453,0.8619295179467958,80806,80
velocity_pp_full_lag1,Expenditure_Velocity_pp_lag1,0.7172870249331401,0.0004529043406857022,1136.002969983629,0.929561373555137,0.8619295179467958,80806,80
velocity_pp_full_lag1,Government_Type_State,1.000318096217882,0.9432826629344975,1.060802167727801,0.9915280180403712,0.8619295179467958,80806,80
velocity_pp_full_lag1,Log_Obligated,0.9996544074408805,0.9894804525507895,1.0099329721368944,0.9471969717287888,0.8619295179467958,80806,80
velocity_pp_full_lag1,Prior_Grant_Count,1.00026348735381,0.9808342344484721,1.0200776124987185,0.9789983015622574,0.8619295179467958,80806,80
velocity_pp_full_lag1,Prior_Grant_Dollars_log,1.0000139267197863,0.9978631329249613,1.0021693563346903,0.9898849010749168,0.8619295179467958,80806,80
velocity_pp_full_lag1,Disaster_Year,1.0002329638909873,0.9947197399865737,1.0057767447820558,0.934168100255262,0.8619295179467958,80806,80
velocity_pp_full_lag1,Population_log,0.9997351912489231,0.9845835801818384,1.0151199682173584,0.9728845670145397,0.8619295179467958,80806,80
velocity_index_scaled_only_lag1,Capacity_Velocity_Index_pp_lag1_scaled,1.0019171148354464,0.9809578190275788,1.0233242301848282,0.8590635428560516,0.5543991938745025,80878,81
velocity_index_scaled_full_lag1,Capacity_Velocity_Index_pp_lag1_scaled,1.000975715621321,0.9798613488942872,1.0225450614969729,0.9285585425370685,0.8743083437144175,80806,80
velocity_index_scaled_full_lag1,Government_Type_State,1.0003166957960863,0.9432813405477444,1.0608006846688522,0.991565309005477,0.8743083437144175,80806,80
velocity_index_scaled_full_lag1,Log_Obligated,0.9996550454091038,0.9894810831933445,1.0099336175147597,0.9472943258749339,0.8743083437144175,80806,80
velocity_index_scaled_full_lag1,Prior_Grant_Count,1.0002623126647203,0.9808330838827861,1.0200764131819822,0.9790918969370187,0.8743083437144175,80806,80
velocity_index_scaled_full_lag1,Prior_Grant_Dollars_log,1.0000138191147703,0.997863026055917,1.0021692479910265,0.9899630485077797,0.8743083437144175,80806,80
velocity_index_scaled_full_lag1,Disaster_Year,1.0002323167053722,0.9947190979082451,1.005776092452264,0.9343505312654343,0.8743083437144175,80806,80
velocity_index_scaled_full_lag1,Population_log,0.9997353175772674,0.9845837100180235,1.0151200908991513,0.9728974895321102,0.8743083437144175,80806,80
velocity_pp_only_lag0,Disbursement_Velocity_pp_lag0,1.0032095118969477,0.4485748057116724,2.2436153612412384,0.9937741119001872,0.49654142621437586,81021,88
velocity_pp_only_lag0,Expenditure_Velocity_pp_lag0,0.4513668265012614,0.0003134585215535459,649.9488706068493,0.8302421122030894,0.49654142621437586,81021,88
velocity_pp_full_lag0,Disbursement_Velocity_pp_lag0,0.9665689873502474,0.4295035100133724,2.175199004260047,0.9345162867327533,0.5785032846648951,80945,87
velocity_pp_full_lag0,Expenditure_Velocity_pp_lag0,0.32504240441944887,0.00021182795923262686,498.7659091534285,0.7639831062672862,0.5785032846648951,80945,87
velocity_pp_full_lag0,Government_Type_State,1.0001344248981185,0.9432529243037214,1.060446081950561,0.996410123887084,0.5785032846648951,80945,87
velocity_pp_full_lag0,Log_Obligated,1.0000415244666583,0.9898938780152683,1.0102931969462816,0.9936331229913733,0.5785032846648951,80945,87
velocity_pp_full_lag0,Prior_Grant_Count,1.000341428362552,0.9809469936843778,1.0201193130119353,0.9727376194063146,0.5785032846648951,80945,87
velocity_pp_full_lag0,Prior_Grant_Dollars_log,1.0000423016743571,0.9978940211351656,1.0021952070626585,0.9692462972016924,0.5785032846648951,80945,87
velocity_pp_full_lag0,Disaster_Year,1.0000951801299542,0.994597430532684,1.0056233191588744,0.973004038466175,0.5785032846648951,80945,87
velocity_pp_full_lag0,Population_log,0.9999699600076049,0.984856678909552,1.0153151644610454,0.9969152013420517,0.5785032846648951,80945,87
velocity_index_scaled_only_lag0,Capacity_Velocity_Index_pp_lag0_scaled,0.9997535535448432,0.9789630694125994,1.0209855704008008,0.9816596761109974,0.44957074776008843,81021,88
velocity_index_scaled_full_lag0,Capacity_Velocity_Index_pp_lag0_scaled,0.998723200911968,0.9777859784128037,1.0201087498298556,0.9059152092571104,0.5796735463544828,80945,87
velocity_index_scaled_full_lag0,Government_Type_State,1.0001345148311271,0.9432530054841853,1.060446181396519,0.9964077226008086,0.5796735463544828,80945,87
velocity_index_scaled_full_lag0,Log_Obligated,1.000040900940409,0.9898932456337949,1.0102925825232667,0.9937287327197987,0.5796735463544828,80945,87
velocity_index_scaled_full_lag0,Prior_Grant_Count,1.0003358691090212,0.9809416311188924,1.0201135513890907,0.9731811476314415,0.5796735463544828,80945,87
velocity_index_scaled_full_lag0,Prior_Grant_Dollars_log,1.0000417426988353,0.9978934661159131,1.0021946441164051,0.969652432741062,0.5796735463544828,80945,87
velocity_index_scaled_full_lag0,Disaster_Year,1.000094674022732,0.9945969277428146,1.005622809712988,0.9731475220060479,0.5796735463544828,80945,87
velocity_index_scaled_full_lag0,Population_log,0.9999697292424313,0.9848564747250265,1.0153149063475124,0.9968914991037606,0.5796735463544828,80945,87
velocity_pp_only_lag2,Disbursement_Velocity_pp_lag2,1.1211041199275478,0.4994975815350331,2.5162773438380874,0.7816753977032554,0.5696279306084868,80735,78
velocity_pp_only_lag2,Expenditure_Velocity_pp_lag2,2.234496421342361,0.0015097756310144036,3307.0968655369597,0.8290825544881053,0.5696279306084868,80735,78
velocity_pp_full_lag2,Disbursement_Velocity_pp_lag2,1.1352376980780974,0.5025950485617205,2.564220707756122,0.7602796021549033,0.8682354012186244,80667,77
velocity_pp_full_lag2,Expenditure_Velocity_pp_lag2,2.51539901041196,0.00159569651477286,3965.1851859074386,0.8060294071485731,0.8682354012186244,80667,77
velocity_pp_full_lag2,Government_Type_State,1.0001409648183228,0.9429945523420926,1.0607505070133754,0.9962534327580878,0.8682354012186244,80667,77
velocity_pp_full_lag2,Log_Obligated,0.9996263140109175,0.9894249154600064,1.009932893390377,0.9430665487494456,0.8682354012186244,80667,77
velocity_pp_full_lag2,Prior_Grant_Count,1.0003282941755605,0.9808680184982933,1.020174658829421,0.9738756813285798,0.8682354012186244,80667,77
velocity_pp_full_lag2,Prior_Grant_Dollars_log,1.0000243482878621,0.9978714254339158,1.002181916105776,0.982334009949497,0.8682354012186244,80667,77
velocity_pp_full_lag2,Disaster_Year,1.0001583589376601,0.9946322052819294,1.005715215775999,0.9553295321444742,0.8682354012186244,80667,77
velocity_pp_full_lag2,Population_log,0.9996304642608707,0.9844450340636339,1.0150501353575951,0.9622546575081065,0.8682354012186244,80667,77
velocity_index_scaled_only_lag2,Capacity_Velocity_Index_pp_lag2_scaled,1.0031013636902661,0.9821282762536965,1.0245223258161789,0.773931853617104,0.5696301658274566,80735,78
velocity_index_scaled_full_lag2,Capacity_Velocity_Index_pp_lag2_scaled,1.003453195564768,0.9822983871017952,1.025063594637459,0.7511668262101977,0.8684227048245153,80667,77
velocity_index_scaled_full_lag2,Government_Type_State,1.0001402311315037,0.9429938645062214,1.0607497244444462,0.9962729309355114,0.8684227048245153,80667,77
velocity_index_scaled_full_lag2,Log_Obligated,0.9996266922854335,0.9894252965327711,1.0099332687684324,0.9431240570175811,0.8684227048245153,80667,77
velocity_index_scaled_full_lag2,Prior_Grant_Count,1.0003306616838838,0.9808703595221572,1.0201770529516268,0.9736873570990418,0.8684227048245153,80667,77
velocity_index_scaled_full_lag2,Prior_Grant_Dollars_log,1.0000246342938797,0.9978717122934412,1.002182201253267,0.9821265220880673,0.8684227048245153,80667,77
velocity_index_scaled_full_lag2,Disaster_Year,1.0001590522603085,0.9946329020189921,1.0057159056247849,0.955134119581127,0.8684227048245153,80667,77
velocity_index_scaled_full_lag2,Population_log,0.9996309637966142,0.9844455188429653,1.0150506499896477,0.9623056707139778,0.8684227048245153,80667,77
velocity_pp_roll2_only_lag1,Disbursement_Velocity_pp_roll2_lag1,0.9999999999987138,0.9999999992030781,1.0000000007943495,0.9974718499352409,0.39265689654887836,80878,81
velocity_pp_roll2_only_lag1,Expenditure_Velocity_pp_roll2_lag1,0.9999999999985077,0.999999999141496,1.0000000008555194,0.9972769661511037,0.39265689654887836,80878,81
velocity_pp_roll2_full_lag1,Disbursement_Velocity_pp_roll2_lag1,0.9999999999986368,0.9999999992030016,1.0000000007942718,0.9973204312756696,0.865383093376213,80806,80
velocity_pp_roll2_full_lag1,Expenditure_Velocity_pp_roll2_lag1,0.9999999999984184,0.9999999991414072,1.0000000008554295,0.9971138749926387,0.865383093376213,80806,80
velocity_pp_roll2_full_lag1,Government_Type_State,1.0003174926092369,0.9432820992489006,1.0608015214290591,0.9915440901927861,0.865383093376213,80806,80
velocity_pp_roll2_full_lag1,Log_Obligated,0.9996548911627527,0.9894809320012764,1.0099334601673011,0.9472707810951353,0.865383093376213,80806,80
velocity_pp_roll2_full_lag1,Prior_Grant_Count,1.0002622115276756,0.98083299601939,1.0200762982798928,0.9790999430638934,0.865383093376213,80806,80
velocity_pp_roll2_full_lag1,Prior_Grant_Dollars_log,1.0000138308991524,0.9978630379837146,1.0021692596313196,0.9899544891236864,0.865383093376213,80806,80
velocity_pp_roll2_full_lag1,Disaster_Year,1.0002325631283966,0.9947193469914477,1.0057763361779708,0.9342810133054783,0.865383093376213,80806,80
velocity_pp_roll2_full_lag1,Population_log,0.9997356930978588,0.9845840881381394,1.015120463650666,0.9729359168678341,0.865383093376213,80806,80
velocity_index_roll2_only_lag1,Capacity_Velocity_Index_pp_roll2_lag1_scaled,0.9999634573825575,0.9784074372582985,1.0219943941784433,0.9973776244416527,0.39265285271704237,80878,81
velocity_index_roll2_full_lag1,Capacity_Velocity_Index_pp_roll2_lag1_scaled,0.9999612687379965,0.9784053110632634,1.0219921413646629,0.9972205582616249,0.8653794122396119,80806,80
velocity_index_roll2_full_lag1,Government_Type_State,1.000317488523149,0.9432820954113785,1.0608015170783762,0.9915441989955041,0.8653794122396119,80806,80
velocity_index_roll2_full_lag1,Log_Obligated,0.999654891195536,0.9894809320285561,1.0099334602056982,0.9472707861245439,0.8653794122396119,80806,80
velocity_index_roll2_full_lag1,Prior_Grant_Count,1.0002622115010364,0.9808329959698705,1.0200762982770604,0.9790999452118487,0.8653794122396119,80806,80
velocity_index_roll2_full_lag1,Prior_Grant_Dollars_log,1.000013830763172,0.9978630378491831,1.0021692594938847,0.989954587876229,0.8653794122396119,80806,80
velocity_index_roll2_full_lag1,Disaster_Year,1.0002325627752513,0.9947193466432109,1.0057763358198732,0.9342811128263467,0.8653794122396119,80806,80
velocity_index_roll2_full_lag1,Population_log,0.9997356925610166,0.9845840875943538,1.0151204631211095,0.9729358619380521,0.8653794122396119,80806,80
velocity_pp_roll2_only_lag0,Disbursement_Velocity_pp_roll2_lag0,0.999999999999095,0.9999999992034273,1.0000000007947627,0.9982211708230775,0.41274343813521513,81021,88
velocity_pp_roll2_only_lag0,Expenditure_Velocity_pp_roll2_lag0,0.9999999999989498,0.999999999141898,1.0000000008560017,0.9980837485609879,0.41274343813521513,81021,88
velocity_pp_roll2_full_lag0,Disbursement_Velocity_pp_roll2_lag0,0.9999999999990414,0.999999999203374,1.000000000794709,0.9981159926243243,0.6408844072755217,80945,87
velocity_pp_roll2_full_lag0,Expenditure_Velocity_pp_roll2_lag0,0.9999999999988878,0.9999999991418361,1.0000000008559393,0.9979704442886329,0.6408844072755217,80945,87
velocity_pp_roll2_full_lag0,Government_Type_State,1.0001344578946352,0.9432529496070435,1.0604461234761098,0.996409243143901,0.6408844072755217,80945,87
velocity_pp_roll2_full_lag0,Log_Obligated,1.0000410130179678,0.9898933538769071,1.0102926985025125,0.9937115504579099,0.6408844072755217,80945,87
velocity_pp_roll2_full_lag0,Prior_Grant_Count,1.0003344240952847,0.9809402459543203,1.020112044701083,0.9732964239944742,0.6408844072755217,80945,87
velocity_pp_roll2_full_lag0,Prior_Grant_Dollars_log,1.0000415989756821,0.9978933241736376,1.0021944986053644,0.969756848575557,0.6408844072755217,80945,87
velocity_pp_roll2_full_lag0,Disaster_Year,1.0000944728230927,0.9945967256956788,1.0056226093763876,0.9732045738085745,0.6408844072755217,80945,87
velocity_pp_roll2_full_lag0,Population_log,0.9999693570363375,0.9848561127647819,1.0153145236663486,0.9968532759412676,0.6408844072755217,80945,87
velocity_index_roll2_only_lag0,Capacity_Velocity_Index_pp_roll2_lag0_scaled,0.9999743099851105,0.978435956932091,1.021986787735766,0.9981548894512839,0.41273076024479194,81021,88
velocity_index_roll2_full_lag0,Capacity_Velocity_Index_pp_roll2_lag0_scaled,0.9999727909985299,0.9784344759264392,1.0219852298137617,0.9980457909061416,0.6408827260846394,80945,87
velocity_index_roll2_full_lag0,Government_Type_State,1.0001344558441503,0.9432529476823565,1.060446121291654,0.9964092978983495,0.6408827260846394,80945,87
velocity_index_roll2_full_lag0,Log_Obligated,1.0000410130221633,0.9898933538784528,1.0102926985094123,0.9937115498162569,0.6408827260846394,80945,87
velocity_index_roll2_full_lag0,Prior_Grant_Count,1.0003344240749101,0.9809402459231021,1.0201120446919931,0.9732964256361102,0.6408827260846394,80945,87
velocity_index_roll2_full_lag0,Prior_Grant_Dollars_log,1.0000415989082538,0.9978933241069405,1.002194498537202,0.9697568975642779,0.6408827260846394,80945,87
velocity_index_roll2_full_lag0,Disaster_Year,1.0000944726589613,0.9945967255334837,1.0056226092103036,0.9732046203365756,0.6408827260846394,80945,87
velocity_index_roll2_full_lag0,Population_log,0.9999693567637564,0.984856112489125,1.0153145233970027,0.9968532479511646,0.6408827260846394,80945,87
velocity_pp_roll2_only_lag2,Disbursement_Velocity_pp_roll2_lag2,0.9999999999884845,0.9999999992126077,1.0000000007643615,0.9767928437755796,0.4074707895567131,80735,78
velocity_pp_roll2_only_lag2,Expenditure_Velocity_pp_roll2_lag2,0.9999999999874689,0.9999999991517339,1.000000000823204,0.9765547876047489,0.4074707895567131,80735,78
velocity_pp_roll2_full_lag2,Disbursement_Velocity_pp_roll2_lag2,0.9999999999884615,0.9999999992125992,1.0000000007643237,0.9767459103941732,0.8596172553708524,80667,77
velocity_pp_roll2_full_lag2,Expenditure_Velocity_pp_roll2_lag2,0.9999999999874428,0.9999999991517236,1.000000000823162,0.9765055037004834,0.8596172553708524,80667,77
velocity_pp_roll2_full_lag2,Government_Type_State,1.0001349266642507,0.9429888513632227,1.06074411175453,0.9964139035774858,0.8596172553708524,80667,77
velocity_pp_roll2_full_lag2,Log_Obligated,0.9996274269423663,0.9894260238271054,1.0099340108624715,0.943235817798376,0.8596172553708524,80667,77
velocity_pp_roll2_full_lag2,Prior_Grant_Count,1.0003327701705071,0.9808724364454854,1.02017919343645,0.9735196490809037,0.8596172553708524,80667,77
velocity_pp_roll2_full_lag2,Prior_Grant_Dollars_log,1.0000248568695884,0.9978719349323085,1.0021824237645085,0.9819650565281186,0.8596172553708524,80667,77
velocity_pp_roll2_full_lag2,Disaster_Year,1.0001599842956481,0.9946338446386452,1.0057168269291012,0.954871380612295,0.8596172553708524,80667,77
velocity_pp_roll2_full_lag2,Population_log,0.9996326426911557,0.9844471738853031,1.0150523530784468,0.9624770580294431,0.8596172553708524,80667,77
velocity_index_roll2_only_lag2,Capacity_Velocity_Index_pp_roll2_lag2_scaled,0.9996658475584482,0.9786875839613403,1.0210937822771293,0.9753604730354104,0.4140940012740748,80735,78
velocity_index_roll2_full_lag2,Capacity_Velocity_Index_pp_roll2_lag2_scaled,0.9996651518566347,0.9786874253779814,1.021092526503643,0.9753085602009365,0.8596026059268163,80667,77
velocity_index_roll2_full_lag2,Government_Type_State,1.0001346896297756,0.9429886274582775,1.0607438608214865,0.9964202030672664,0.8596026059268163,80667,77
velocity_index_roll2_full_lag2,Log_Obligated,0.999627436765819,0.9894260332572549,1.0099340210863352,0.9432373138590868,0.8596026059268163,80667,77
velocity_index_roll2_full_lag2,Prior_Grant_Count,1.0003327628728476,0.9808724276976479,1.0201791876499537,0.9735202316730295,0.8596026059268163,80667,77
velocity_index_roll2_full_lag2,Prior_Grant_Dollars_log,1.0000248472820146,0.997871925446753,1.0021824140745204,0.9819720108557976,0.8596026059268163,80667,77
velocity_index_roll2_full_lag2,Disaster_Year,1.0001599556396175,0.9946338165381858,1.0057167977121937,0.9548794514324329,0.8596026059268163,80667,77
velocity_index_roll2_full_lag2,Population_log,0.9996326135788962,0.9844471440799984,1.0150523246877055,0.9624740888911553,0.8596026059268163,80667,77
velocity_pp_roll4_only_lag1,Disbursement_Velocity_pp_roll4_lag1,0.9999999999872752,0.9999999988775152,1.0000000010970351,0.9820698690081029,0.34432023186836586,80878,81
velocity_pp_roll4_only_lag1,Expenditure_Velocity_pp_roll4_lag1,0.9999999999861143,0.9999999987907505,1.000000001181478,0.9818353478605053,0.34432023186836586,80878,81
velocity_pp_roll4_full_lag1,Disbursement_Velocity_pp_roll4_lag1,0.9999999999872431,0.9999999988775009,1.0000000010969852,0.9820244152197837,0.8652837026879827,80806,80
velocity_pp_roll4_full_lag1,Expenditure_Velocity_pp_roll4_lag1,0.9999999999860781,0.9999999987907335,1.0000000011814227,0.9817877928675242,0.8652837026879827,80806,80
velocity_pp_roll4_full_lag1,Government_Type_State,1.000317790897458,0.9432823806782645,1.0608018375859691,0.9915361472983307,0.8652837026879827,80806,80
velocity_pp_roll4_full_lag1,Log_Obligated,0.999654878982482,0.9894809203106563,1.0099334474885462,0.9472689205588922,0.8652837026879827,80806,80
velocity_pp_roll4_full_lag1,Prior_Grant_Count,1.0002622205770895,0.9808330068979473,1.020076305423428,0.9790992198455123,0.8652837026879827,80806,80
velocity_pp_roll4_full_lag1,Prior_Grant_Dollars_log,1.0000138429722067,0.997863049910842,1.0021692718508746,0.9899457214378921,0.8652837026879827,80806,80
velocity_pp_roll4_full_lag1,Disaster_Year,1.000232599053341,0.9947193821619721,1.0057763728646174,0.9342708922429108,0.8652837026879827,80806,80
velocity_pp_roll4_full_lag1,Population_log,0.9997357297502034,0.984584125638404,1.0151204994201128,0.9729396664687728,0.8652837026879827,80806,80
velocity_index_roll4_only_lag1,Capacity_Velocity_Index_pp_roll4_lag1_scaled,0.9997449219930294,0.9785031508993433,1.0214478186730582,0.9814250074767984,0.34432237757505435,80878,81
velocity_index_roll4_full_lag1,Capacity_Velocity_Index_pp_roll4_lag1_scaled,0.9997442609346211,0.9785028965263135,1.0214467333923052,0.9813765233272551,0.8652606119220302,80806,80
velocity_index_roll4_full_lag1,Government_Type_State,1.0003176440105952,0.9432822420584306,1.060801681939142,0.9915400586439154,0.8652606119220302,80806,80
velocity_index_roll4_full_lag1,Log_Obligated,0.9996548848348357,0.9894809259227128,1.0099334535855455,0.9472698145320255,0.8652606119220302,80806,80
velocity_index_roll4_full_lag1,Prior_Grant_Count,1.0002622162258512,0.9808330016488881,1.0200763020076402,0.9790995676111928,0.8652606119220302,80806,80
velocity_index_roll4_full_lag1,Prior_Grant_Dollars_log,1.000013837058862,0.9978630440661193,1.002169265868639,0.9899500158364466,0.8652606119220302,80806,80
velocity_index_roll4_full_lag1,Disaster_Year,1.0002325815136957,0.9947193649786655,1.005776354965211,0.9342758337934425,0.8652606119220302,80806,80
velocity_index_roll4_full_lag1,Population_log,0.9997357116634257,0.9845841071364042,1.0151204817657182,0.9729378161528908,0.8652606119220302,80806,80
velocity_pp_roll4_only_lag0,Disbursement_Velocity_pp_roll4_lag0,0.9999999999869722,0.9999999988771967,1.0000000010967478,0.981643364672294,0.35670897359195425,81021,88
velocity_pp_roll4_only_lag0,Expenditure_Velocity_pp_roll4_lag0,0.9999999999857612,0.9999999987903823,1.00000000118114,0.981373710490297,0.35670897359195425,81021,88
velocity_pp_roll4_full_lag0,Disbursement_Velocity_pp_roll4_lag0,0.9999999999869409,0.9999999988771764,1.0000000010967052,0.9815989765969863,0.6409280418206931,80945,87
velocity_pp_roll4_full_lag0,Expenditure_Velocity_pp_roll4_lag0,0.9999999999857254,0.9999999987903585,1.0000000011810921,0.9813267527684939,0.6409280418206931,80945,87
velocity_pp_roll4_full_lag0,Government_Type_State,1.000134775288595,0.943253249033931,1.0604464599152272,0.9964007676224997,0.6409280418206931,80945,87
velocity_pp_roll4_full_lag0,Log_Obligated,1.0000410005994473,0.9898933419739683,1.0102926855590908,0.9937134542454584,0.6409280418206931,80945,87
velocity_pp_roll4_full_lag0,Prior_Grant_Count,1.0003344332014479,0.9809402569998207,1.020112051786906,0.9732956943245136,0.6409280418206931,80945,87
velocity_pp_roll4_full_lag0,Prior_Grant_Dollars_log,1.0000416117338178,0.9978933367788055,1.0021945115170678,0.9697475796049747,0.6409280418206931,80945,87
velocity_pp_roll4_full_lag0,Disaster_Year,1.000094510387962,0.9945967624878989,1.0056226477213235,0.9731939265242683,0.6409280418206931,80945,87
velocity_pp_roll4_full_lag0,Population_log,0.9999693960439527,0.9848561526538341,1.0153145617560808,0.996857281363228,0.6409280418206931,80945,87
velocity_index_roll4_only_lag0,Capacity_Velocity_Index_pp_roll4_lag0_scaled,0.9997388836363054,0.9785157295000473,1.021422349505847,0.980968573480487,0.3567024837194757,81021,88
velocity_index_roll4_full_lag0,Capacity_Velocity_Index_pp_roll4_lag0_scaled,0.999738236382599,0.9785153507468406,1.0214214222827986,0.9809211698479928,0.6408938066609089,80945,87
velocity_index_roll4_full_lag0,Government_Type_State,1.0001346211565725,0.9432531035827214,1.06044629658436,0.9964048834854785,0.6408938066609089,80945,87
velocity_index_roll4_full_lag0,Log_Obligated,1.000041006535633,0.9898933476601403,1.0102926917498185,0.9937125442168275,0.6408938066609089,80945,87
velocity_index_roll4_full_lag0,Prior_Grant_Count,1.000334428829918,0.9809402516891129,1.0201120483937673,0.9732960446232553,0.6408938066609089,80945,87
velocity_index_roll4_full_lag0,Prior_Grant_Dollars_log,1.0000416055572006,0.9978933306733941,1.0021945052689665,0.9697520670464538,0.6408938066609089,80945,87
velocity_index_roll4_full_lag0,Disaster_Year,1.000094492243942,0.9945967447057485,1.0056226292119772,0.9731990692702465,0.6408938066609089,80945,87
velocity_index_roll4_full_lag0,Population_log,0.9999693770757608,0.9848561332579905,1.0153145432332336,0.9968553336506292,0.6408938066609089,80945,87
velocity_pp_roll4_only_lag2,Disbursement_Velocity_pp_roll4_lag2,0.9999999999865663,0.9999999988767787,1.000000001096354,0.981071769142843,0.3444916037438198,80735,78
velocity_pp_roll4_only_lag2,Expenditure_Velocity_pp_roll4_lag2,0.9999999999852883,0.9999999987899003,1.0000000011806764,0.9807555384506265,0.3444916037438198,80735,78
velocity_pp_roll4_full_lag2,Disbursement_Velocity_pp_roll4_lag2,0.9999999999865307,0.999999998876756,1.0000000010963055,0.981021320062959,0.8593928921595129,80667,77
velocity_pp_roll4_full_lag2,Expenditure_Velocity_pp_roll4_lag2,0.9999999999852478,0.9999999987898738,1.0000000011806218,0.9807021929778772,0.8593928921595129,80667,77
velocity_pp_roll4_full_lag2,Government_Type_State,1.0001347597383872,0.9429886934595062,1.0607439352929153,0.9964183398568912,0.8593928921595129,80667,77
velocity_pp_roll4_full_lag2,Log_Obligated,0.999627435215368,0.989426031812553,1.0099340194281081,0.943237077489618,0.8593928921595129,80667,77
velocity_pp_roll4_full_lag2,Prior_Grant_Count,1.0003327640229593,0.980872429258252,1.0201791883726712,0.9735201396065297,0.8593928921595129,80667,77
velocity_pp_roll4_full_lag2,Prior_Grant_Dollars_log,1.0000248498257058,0.9978719279629079,1.0021824166458548,0.981970165798177,0.8593928921595129,80667,77
velocity_pp_roll4_full_lag2,Disaster_Year,1.0001599627327076,0.994633823511619,1.005716804926055,0.954877453554304,0.8593928921595129,80667,77
velocity_pp_roll4_full_lag2,Population_log,0.9996326225138074,0.9844471531746031,1.0150523334558323,0.9624750002880873,0.8593928921595129,80667,77
velocity_index_roll4_only_lag2,Capacity_Velocity_Index_pp_roll4_lag2_scaled,0.9997300135593911,0.9784699970287188,1.0214519638276913,0.9803567779329663,0.34449633209164054,80735,78
velocity_index_roll4_full_lag2,Capacity_Velocity_Index_pp_roll4_lag2_scaled,0.999729276591612,0.9784695733216545,1.0214509001863807,0.9803028838440009,0.8593648140584436,80667,77
velocity_index_roll4_full_lag2,Government_Type_State,1.0001345931973826,0.9429885363518308,1.0607437587522186,0.9964227658810564,0.8593648140584436,80667,77
velocity_index_roll4_full_lag2,Log_Obligated,0.9996274414868245,0.9894260378135841,1.0099340259749285,0.9432380327077836,0.8593648140584436,80667,77
velocity_index_roll4_full_lag2,Prior_Grant_Count,1.000332759365875,0.9808724235895238,1.0201791847696038,0.9735205115126745,0.8593648140584436,80667,77
velocity_index_roll4_full_lag2,Prior_Grant_Dollars_log,1.0000248432252394,0.9978719214381376,1.0021824099693961,0.9819749533884519,0.8593648140584436,80667,77
velocity_index_roll4_full_lag2,Disaster_Year,1.0001599432407466,0.9946338044080333,1.0057167850419928,0.9548829432793083,0.8593648140584436,80667,77
velocity_index_roll4_full_lag2,Population_log,0.9996326019090505,0.9844471321089854,1.0150523133311666,0.9624728987503931,0.8593648140584436,80667,77
velocity_pp_cum_only_lag1,Disbursement_Velocity_pp_cum_lag1,0.9999999992099167,0.9999999792479395,1.0000000191718943,0.9381656183853252,0.6410958949329962,80878,81
velocity_pp_cum_only_lag1,Expenditure_Velocity_pp_cum_lag1,0.9999999991370168,0.9999999781946652,1.0000000200793688,0.9356273970007903,0.6410958949329962,80878,81
velocity_pp_cum_full_lag1,Disbursement_Velocity_pp_cum_lag1,0.9999999992056176,0.9999999792443223,1.0000000191669132,0.9378277126278646,0.8666550933962919,80806,80
velocity_pp_cum_full_lag1,Expenditure_Velocity_pp_cum_lag1,0.9999999991322865,0.9999999781907186,1.000000020073855,0.9352729143048171,0.8666550933962919,80806,80
velocity_pp_cum_full_lag1,Government_Type_State,1.0003215244544326,0.9432858938190974,1.0608058053699065,0.9914367309172478,0.8666550933962919,80806,80
velocity_pp_cum_full_lag1,Log_Obligated,0.9996548171677856,0.9894808638983722,1.009933380166305,0.947259463187584,0.8666550933962919,80806,80
velocity_pp_cum_full_lag1,Prior_Grant_Count,1.0002622575431166,0.9808330657642754,1.020076319598415,0.9790962498902216,0.8666550933962919,80806,80
velocity_pp_cum_full_lag1,Prior_Grant_Dollars_log,1.0000139741514311,0.9978631797266918,1.0021694043987475,0.9898504556440754,0.8666550933962919,80806,80
velocity_pp_cum_full_lag1,Disaster_Year,1.000232965107513,0.994719742184328,1.0057767450064086,0.9341677455029935,0.8666550933962919,80806,80
velocity_pp_cum_full_lag1,Population_log,0.9997362119460433,0.9845846156359566,1.0151209734580824,0.9729890021026002,0.8666550933962919,80806,80
velocity_index_cum_only_lag1,Capacity_Velocity_Index_pp_cum_lag1_scaled,0.9991112114401786,0.9777945850373325,1.0208925556561033,0.9355925872029927,0.6407351686277876,80878,81
velocity_index_cum_full_lag1,Capacity_Velocity_Index_pp_cum_lag1_scaled,0.9991062934764805,0.9777906142591364,1.0208866510962051,0.9352342408885455,0.8665349544835825,80806,80
velocity_index_cum_full_lag1,Government_Type_State,1.0003195629538333,0.9432840472314288,1.0608037218111117,0.9914889614187821,0.8665349544835825,80806,80
velocity_index_cum_full_lag1,Log_Obligated,0.999654852921535,0.9894808967875677,1.0099334188400388,0.9472649319974327,0.8665349544835825,80806,80
velocity_index_cum_full_lag1,Prior_Grant_Count,1.000262235314446,0.980833032000612,1.020076309374976,0.9790980340302652,0.8665349544835825,80806,80
velocity_index_cum_full_lag1,Prior_Grant_Dollars_log,1.0000139045064806,0.9978631107940138,1.0021693340387747,0.9899010336568581,0.8665349544835825,80806,80
velocity_index_cum_full_lag1,Disaster_Year,1.0002327697736837,0.9947195500768834,1.0057765464163313,0.934222786414327,0.8665349544835825,80806,80
velocity_index_cum_full_lag1,Population_log,0.9997359594431158,0.9845843589015097,1.0151207253777093,0.9729631676282254,0.8665349544835825,80806,80
velocity_pp_cum_only_lag0,Disbursement_Velocity_pp_cum_lag0,0.9999999992404413,0.9999999799775591,1.0000000185033238,0.9383966843455261,0.6398982569108086,81021,88
velocity_pp_cum_only_lag0,Expenditure_Velocity_pp_cum_lag0,0.9999999991678916,0.999999978932268,1.0000000194035155,0.9357623748949764,0.6398982569108086,81021,88
velocity_pp_cum_full_lag0,Disbursement_Velocity_pp_cum_lag0,0.9999999992362676,0.9999999799739745,1.0000000184985611,0.9380569733173715,0.6425183719775436,80945,87
velocity_pp_cum_full_lag0,Expenditure_Velocity_pp_cum_lag0,0.9999999991632835,0.9999999789283441,1.0000000193982232,0.9354052399703617,0.6425183719775436,80945,87
velocity_pp_cum_full_lag0,Government_Type_State,1.00013846510574,0.9432567208490179,1.0604503814017079,0.996302237522439,0.6425183719775436,80945,87
velocity_pp_cum_full_lag0,Log_Obligated,1.0000409434155575,0.9898932900826769,1.0102926229795441,0.9937222188544238,0.6425183719775436,80945,87
velocity_pp_cum_full_lag0,Prior_Grant_Count,1.0003344676155994,0.9809403129485931,1.020112063793045,0.973292916996159,0.6425183719775436,80945,87
velocity_pp_cum_full_lag0,Prior_Grant_Dollars_log,1.0000417410579803,0.9978934647573506,1.0021946421920482,0.9696536211268014,0.6425183719775436,80945,87
velocity_pp_cum_full_lag0,Disaster_Year,1.000094866800543,0.9945971131604169,1.0056230099267105,0.9730928984752216,0.6425183719775436,80945,87
velocity_pp_cum_full_lag0,Population_log,0.9999698724337006,0.9848566365828958,1.0153150302611644,0.9969061992508811,0.6425183719775436,80945,87
velocity_index_cum_only_lag0,Capacity_Velocity_Index_pp_cum_lag0_scaled,0.999115136633624,0.9778040648393205,1.0208906795805366,0.9358594307510706,0.6393858588395384,81021,88
velocity_index_cum_full_lag0,Capacity_Velocity_Index_pp_cum_lag0_scaled,0.9991101981321227,0.9777999849267174,1.0208848470031653,0.9354997765149204,0.6436643328171059,80945,87
velocity_index_cum_full_lag0,Government_Type_State,1.0001365138107363,0.9432548839654065,1.0604483085763465,0.9963543434375837,0.6436643328171059,80945,87
velocity_index_cum_full_lag0,Log_Obligated,1.0000409770825354,0.9898933209232662,1.0102926595276176,0.9937170585152348,0.6436643328171059,80945,87
velocity_index_cum_full_lag0,Prior_Grant_Count,1.000334446550576,0.9809402804622361,1.0201120546136757,0.9732946145627868,0.6436643328171059,80945,87
velocity_index_cum_full_lag0,Prior_Grant_Dollars_log,1.0000416719133414,0.9978933963219087,1.0021945723354762,0.9697038571783037,0.6436643328171059,80945,87
velocity_index_cum_full_lag0,Disaster_Year,1.0000946751634183,0.9945969246258102,1.0056228151585296,0.9731472194244947,0.6436643328171059,80945,87
velocity_index_cum_full_lag0,Population_log,0.9999696213874509,0.984856381413782,1.015314783524404,0.9968804206893856,0.6436643328171059,80945,87
velocity_pp_cum_only_lag2,Disbursement_Velocity_pp_cum_lag2,0.999999999143154,0.9999999783940667,1.0000000198922416,0.9354901601170715,0.6451258041415169,80735,78
velocity_pp_cum_only_lag2,Expenditure_Velocity_pp_cum_lag2,0.9999999990669791,0.9999999773332888,1.0000000208006699,0.9329433592101102,0.6451258041415169,80735,78
velocity_pp_cum_full_lag2,Disbursement_Velocity_pp_cum_lag2,0.9999999991388308,0.9999999783904635,1.0000000198871983,0.9351631477317811,0.8607722070747746,80667,77
velocity_pp_cum_full_lag2,Expenditure_Velocity_pp_cum_lag2,0.9999999990622357,0.9999999773293731,1.0000000207950988,0.9326006975782286,0.8607722070747746,80667,77
velocity_pp_cum_full_lag2,Government_Type_State,1.000138819883495,0.9429925137772658,1.0607482503028813,0.9963104376119596,0.8607722070747746,80667,77
velocity_pp_cum_full_lag2,Log_Obligated,0.9996273665757299,0.989425969076859,1.0099339447694509,0.9432266064087447,0.8607722070747746,80667,77
velocity_pp_cum_full_lag2,Prior_Grant_Count,1.0003328047880693,0.980872493867476,1.0201792043221103,0.9735168635865712,0.8607722070747746,80667,77
velocity_pp_cum_full_lag2,Prior_Grant_Dollars_log,1.0000249922729887,0.9978720689372251,1.0021825605718029,0.9818668417930124,0.8607722070747746,80667,77
velocity_pp_cum_full_lag2,Disaster_Year,1.0001603624910935,0.994634216651794,1.005717211364057,0.9547648549912053,0.8607722070747746,80667,77
velocity_pp_cum_full_lag2,Population_log,0.9996331473672844,0.9844476865832116,1.0150528493633253,0.9625285396431166,0.8607722070747746,80667,77
velocity_index_cum_only_lag2,Capacity_Velocity_Index_pp_cum_lag2_scaled,0.9990715985183362,0.9777594617362938,1.0208482740668046,0.9327157114226117,0.6450349338933989,80735,78
velocity_index_cum_full_lag2,Capacity_Velocity_Index_pp_cum_lag2_scaled,0.9990668280164694,0.9777556560219517,1.0208424985275466,0.9323678817078291,0.8606004249036363,80667,77
velocity_index_cum_full_lag2,Government_Type_State,1.0001366867377084,0.9429905056516936,1.060745984358983,0.996367128001896,0.8606004249036363,80667,77
velocity_index_cum_full_lag2,Log_Obligated,0.9996274059157328,0.989426005288482,1.0099339872984938,0.9432326063599433,0.8606004249036363,80667,77
velocity_index_cum_full_lag2,Prior_Grant_Count,1.0003327805025308,0.9808724570294136,1.0201791931016748,0.9735188129842363,0.8606004249036363,80667,77
velocity_index_cum_full_lag2,Prior_Grant_Dollars_log,1.0000249167079498,0.9978719941385209,1.002182484237471,0.9819216528970491,0.8606004249036363,80667,77
velocity_index_cum_full_lag2,Disaster_Year,1.0001601495172427,0.9946340071971658,1.005716994838344,0.954824842514149,0.8606004249036363,80667,77
velocity_index_cum_full_lag2,Population_log,0.999632872472888,0.9844474070550457,1.0150525793121652,0.9625004985105144,0.8606004249036363,80667,77
lag0,Ratio_disbursed_to_obligated_lag0,0.9999999999999989,0.9999999857865083,1.0000000142134895,0.9999998719220464,0.4911606026871216,40346,37
lag0,Ratio_expended_to_disbursed_lag0,0.9999999999999789,0.999999957297534,1.0000000427024256,0.9999992264229083,0.4911606026871216,40346,37
lag0,Government_Type_State,0.9981077096317984,0.8971494735004752,1.1104270018009508,0.9722289346652252,0.4911606026871216,40346,37
lag0,Log_Obligated,1.0006765575947791,0.9839257654106495,1.0177125227550212,0.9374098887095681,0.4911606026871216,40346,37
lag0,Prior_Grant_Count,0.9987409082708848,0.9687818381441274,1.0296264469249419,0.935378164254653,0.4911606026871216,40346,37
lag0,Prior_Grant_Dollars_log,0.9999528999090045,0.996761446918378,1.0031545713648644,0.9769609342648987,0.4911606026871216,40346,37
lag0,Disaster_Year,0.9995442376237156,0.9896664606359574,1.0095206038656324,0.928313719520435,0.4911606026871216,40346,37
lag0,Population_log,0.9984844875432655,0.9766821819840151,1.020773482157018,0.8928905162786758,0.4911606026871216,40346,37
lag2,Ratio_disbursed_to_obligated_lag2,0.9999999999999907,0.9999999857864992,1.0000000142134824,0.9999989780964195,0.8269777187540416,40104,27
lag2,Ratio_expended_to_disbursed_lag2,0.9999999998488607,0.9999999572042814,1.0000000424934419,0.9944574932694463,0.8269777187540416,40104,27
lag2,Government_Type_State,1.0034023174394067,0.9003814776522479,1.1182107091630245,0.9509997799486294,0.8269777187540416,40104,27
lag2,Log_Obligated,0.9998694621901028,0.9828728860480245,1.0171599558922788,0.9880928209101074,0.8269777187540416,40104,27
lag2,Prior_Grant_Count,1.0005815655645929,0.970345520470157,1.0317597682757402,0.9703755533553389,0.8269777187540416,40104,27
lag2,Prior_Grant_Dollars_log,1.0000547723694102,0.996848806351806,1.0032710490961616,0.9733294065068685,0.8269777187540416,40104,27
lag2,Disaster_Year,1.0004590830124103,0.9904373975218842,1.0105821723678572,0.9287992927966933,0.8269777187540416,40104,27
lag2,Population_log,0.999107883683998,0.9770339526317505,1.021680526608834,0.937589423827789,0.8269777187540416,40104,27
