coef,exp(coef),se(coef),coef lower 95%,coef upper 95%,exp(coef) lower 95%,exp(coef) upper 95%,cmp to,z,p,-log2(p),model
-1.2191607362816372e-13,0.9999999999998781,7.2517810387910044e-09,-1.4213351575874458e-08,1.42131077437272e-08,0.9999999857866485,1.0000000142131078,0.0,-1.681188014034263e-05,0.9999865860603986,1.9352353937688172e-05,capacity_only
-1.3677455063629456e-10,0.9999999998632254,2.1758876008463388e-08,-4.2783387871297186e-08,4.250983877002459e-08,0.999999957216613,1.0000000425098396,0.0,-0.006285919850965389,0.9949845946292674,0.007253906340638878,capacity_only
-1.3793667141434432e-13,0.9999999999998621,7.2517811308633435e-09,-1.4213367776930711e-08,1.4213091903587883e-08,0.9999999857866324,1.000000014213092,0.0,-1.902107481254369e-05,0.9999848233780781,2.189540333365341e-05,full_covariates
-1.4791859314288105e-10,0.9999999998520814,2.175805586442983e-08,-4.2792924461035865e-08,4.2497087274750096e-08,0.9999999572070765,1.0000000424970883,0.0,-0.006798336858059964,0.994575753764261,0.00784683401658102,full_covariates
0.004406074358889418,1.0044157953764492,0.05488316659949498,-0.10316295553363238,0.1119751042514112,0.9019799788762662,1.1184850147766965,0.0,0.08028097924892623,0.9360137857401614,0.0953983167106228,full_covariates
0.00042539229597632653,1.00042548278811,0.008684739095219893,-0.016596383545781638,0.01744716813773429,0.9835405776937856,1.017600259013845,0.0,0.0489815861262273,0.9609339704660221,0.05749079370520172,full_covariates
-7.742241697544523e-05,0.9999225805800626,0.015600234594637538,-0.03065332037284083,0.03049847553888994,0.9698117287720387,1.030968318376476,0.0,-0.004962900814456893,0.9960401943186117,0.005724132740504917,full_covariates
6.135233817411689e-05,1.0000613542202672,0.0016349871860711696,-0.0031431636617098636,0.0032658683380580975,0.9968617709057872,1.0032712070963707,0.0,0.037524659946445764,0.9700666781964119,0.04384417954928384,full_covariates
-0.0002539513037178087,0.999746080939185,0.005103914599238663,-0.010257440098393772,0.009749537490958155,0.9897949880277142,1.0097972190633824,0.0,-0.049756182001103606,0.960316685101268,0.05841785084124732,full_covariates
0.0004838597784720891,1.0004839768574971,0.01133829559722171,-0.021738791238151527,0.022706510795095704,0.978495793347378,1.0229662659298084,0.0,0.042674824829108546,0.9659607481583377,0.0499635285880587,full_covariates
0.07948097786571166,1.0827249635938954,0.41258021167386183,-0.7291613777489695,0.8881233334803927,0.4823132991998761,2.430564010435031,0.0,0.19264369840534215,0.8472380195066977,0.23916076367437936,velocity_pp_only_lag1
-0.024830317167289888,0.9754754194184602,3.7259747758139823,-7.327606685067397,7.277946050732818,0.0006571444602283863,1448.010827876286,0.0,-0.006664113060686359,0.9946828464336182,0.007691497688633487,velocity_pp_only_lag1
0.04555634350236208,1.0466099726241658,0.41588450055825443,-0.7695622993202447,0.8606749863249687,0.4632157738048935,2.364756333314626,0.0,0.10954085435069211,0.912773519625453,0.13167115652455788,velocity_pp_full_lag1
-0.33227920477239264,0.7172870249331401,3.7589542951389188,-7.699694242776818,7.035135833232033,0.00045296565923781126,1135.8491877798567,0.0,-0.08839671320348222,0.929561373555137,0.10537797379793405,velocity_pp_full_lag1
0.0003180456360062266,1.000318096217882,0.02995272362007252,-0.0583882138982181,0.05902430517023056,0.9432836805117063,1.0608010233762861,0.0,0.010618254287669902,0.9915280180403712,0.012274554993209227,velocity_pp_full_lag1
-0.00034565228999000104,0.9996544074408805,0.005219192204111734,-0.01057508103844122,0.009883776458461219,0.9894806385450384,1.0099327822981876,0.0,-0.06622716245584759,0.9471969717287888,0.07826362633481831,velocity_pp_full_lag1
0.00026345264711362593,1.00026348735381,0.010007786958844338,-0.01935144935717091,0.019878354651398165,0.9808345879755725,1.0200772448270592,0.0,0.026324765724634137,0.9789983015622574,0.03062173794892725,velocity_pp_full_lag1
1.3926622810366822e-05,1.0000139267197863,0.0010985102326395262,-0.002139113869811821,0.0021669671154325543,0.9978631724037719,1.002169316685513,0.0,0.012677736079802921,0.9898849010749168,0.014667309394050225,velocity_pp_full_lag1
0.00023293675911381005,1.0002329638909873,0.00281999317032757,-0.005294148291377153,0.0057600218096047736,0.994719841013649,1.0057766426320043,0.0,0.08260188768001596,0.934168100255262,0.09824591370697135,velocity_pp_full_lag1
-0.00026484381910526166,0.9997351912489231,0.007791655416520926,-0.01553620781543271,0.015006520177222187,0.9845838564757742,1.0151196833543785,0.0,-0.03399069965847101,0.9728845670145397,0.039659455836754044,velocity_pp_full_lag1
0.0019152795161044987,1.0019171148354464,0.010786274382891415,-0.01922542980172967,0.023055988833938668,0.9809582001029197,1.0233238326514473,0.0,0.1775663633350926,0.8590635428560516,0.21916324690800992,velocity_index_scaled_only_lag1
0.0009752399202416695,1.000975715621321,0.010877264268988477,-0.020343806297300142,0.022294286137783483,0.9798617327547279,1.0225446609153552,0.0,0.08965856635681071,0.9285585425370685,0.10693522472082563,velocity_index_scaled_full_lag1
0.00031664565855800376,1.0003166957960863,0.029952724600812025,-0.058389615797880434,0.05902290711499644,0.9432823581235599,1.0607995403188997,0.0,0.010571514370663277,0.991565309005477,0.012220296840351983,velocity_index_scaled_full_lag1
-0.0003450141014171537,0.9996550454091038,0.005219192633508324,-0.010574443691470226,0.009884415488635919,0.9894812691877273,1.0099334276759162,0.0,-0.06610487974750921,0.9472943258749339,0.0781153518675196,velocity_index_scaled_full_lag1
0.0002622782667685227,1.0002623126647203,0.01000778627945289,-0.01935262240593325,0.019877178939470292,0.9808334374094478,1.02007604551078,0.0,0.02620742084660715,0.9790918969370187,0.030483818272678865,velocity_index_scaled_full_lag1
1.381901928718766e-05,1.0000138191147703,0.0010985099746705512,-0.0021392209677250995,0.002166859006299475,0.997863065534714,1.0021692083418625,0.0,0.012579784986779073,0.9899630485077797,0.014553418916822535,velocity_index_scaled_full_lag1
0.000232289724025002,1.0002323167053722,0.0028199923804222583,-0.0052947937782799985,0.005759373226330003,0.9947191989352269,1.0057759903023076,0.0,0.08237246513063966,0.9343505312654343,0.09796420143493251,velocity_index_scaled_full_lag1
-0.000264717457307202,0.9997353175772674,0.007791652606659595,-0.015536075946407641,0.015006641031793238,0.984583986311896,1.0151198060362399,0.0,-0.033974494330117545,0.9728974895321102,0.03964029310272405,velocity_index_scaled_full_lag1
0.003204372407538268,1.0032095118969477,0.41065520046654863,-0.801665030570973,0.8080737753860495,0.4485814401533673,2.243582178559193,0.0,0.007803072757626726,0.9937741119001872,0.009010135128223656,velocity_pp_only_lag0
-0.7954749075489956,0.4513668265012614,3.7103921462958795,-8.067709882809192,6.4767600677112,0.00031350041227851187,649.8620227804535,0.0,-0.21439106061690164,0.8302421122030894,0.26839598356051464,velocity_pp_only_lag0
-0.034002604350040405,0.9665689873502474,0.4138381433248371,-0.8451104606956461,0.7771052519955652,0.42950991162667085,2.175166584093491,0.0,-0.08216401725770958,0.9345162867327533,0.09770828743504187,velocity_pp_full_lag0
-1.123799630026774,0.32504240441944887,3.742824742741889,-8.45960132624627,6.2120020661927215,0.0002118565154718257,498.6986802623356,0.0,-0.3002544087072348,0.7639831062672862,0.38838735816282705,velocity_pp_full_lag0
0.00013441586390157192,1.0001344248981185,0.029875120287725623,-0.05841974393384254,0.05868857566164569,0.9432539392125302,1.0604449409470358,0.0,0.004499257663467802,0.996410123887084,0.0051884149309623685,velocity_pp_full_lag0
4.152360454146847e-05,1.0000415244666583,0.005203601595762069,-0.01015734811304734,0.010240395322130278,0.9898940635314011,1.0102930076071455,0.0,0.007979781652631945,0.9936331229913733,0.009214827952458473,velocity_pp_full_lag0
0.00034137008915238455,1.000341428362552,0.00998888974860675,-0.0192364940636582,0.019919234241962968,0.9809473465844959,1.0201189460195301,0.0,0.0341749781751269,0.9727376194063146,0.03987738158568882,velocity_pp_full_lag0
4.2300779666611435e-05,1.0000423016743571,0.001097194049162502,-0.002108160040743562,0.0021927616000767852,0.9978940605678948,1.0021951674599652,0.0,0.03855359924609507,0.9692462972016924,0.045064776408414664,velocity_pp_full_lag0
9.517560061313918e-05,1.0000951801299542,0.0028124447567453937,-0.005417114831116346,0.005607466032342624,0.9945975312769463,1.0056232172977937,0.0,0.03384087825542853,0.973004038466175,0.03948230194363487,velocity_pp_full_lag0
-3.0040443604781835e-05,0.9999699600076049,0.007769954897066656,-0.01525887220335605,0.015198791316146487,0.9848569545104057,1.0153148803368133,0.0,-0.003866231400663963,0.9969152013420517,0.0044573022059912456,velocity_pp_full_lag0
-0.00024647682807473983,0.9997535535448432,0.010721879132933121,-0.0212609737752152,0.02076802011906572,0.9789634474425984,1.020985176143819,0.0,-0.022988211769489758,0.9816596761109974,0.026705140291131264,velocity_index_scaled_only_lag0
-0.0012776148904720798,0.998723200911968,0.010809619379419717,-0.022464079560720936,0.019908849779776774,0.977786359078075,1.020108352687913,0.0,-0.11819240304654138,0.9059152092571104,0.14255206990152136,velocity_index_scaled_full_lag0
0.00013450578481839656,1.0001345148311271,0.029875122255356053,-0.058419657869410495,0.05868866943904729,0.9432540203931483,1.0604450403928114,0.0,0.004502267259986934,0.9964077226008086,0.005191891740252801,velocity_index_scaled_full_lag0
4.090010398838275e-05,1.000040900940409,0.005203609420912813,-0.010157986950614059,0.010239787158590823,0.9898934311500882,1.010292393183961,0.0,0.007859948870107181,0.9937287327197987,0.009076015102880981,velocity_index_scaled_full_lag0
0.0003358127176183092,1.0003358691090212,0.009988843506974893,-0.01924196080325925,0.01991358623849587,0.9809419840154477,1.020113184400457,0.0,0.03361877852864766,0.9731811476314415,0.03921972208540089,velocity_index_scaled_full_lag0
4.174182763307773e-05,1.0000417426988353,0.0010971926403355629,-0.0021087162315270346,0.00219219988679319,0.9978935055485699,1.0021946045137848,0.0,0.038044210377050566,0.969652432741062,0.044460382039489425,velocity_index_scaled_full_lag0
9.466954142967698e-05,1.000094674022732,0.002812444482217852,-0.005417620352235713,0.005606959435095067,0.994597028487016,1.0056227078519688,0.0,0.033660945852706035,0.9731475220060479,0.03926957134648785,velocity_index_scaled_full_lag0
-3.0271215737283054e-05,0.9999697292424313,0.007769942933796213,-0.015259079527909346,0.015198537096434782,0.9848567503253985,1.0153146222237899,0.0,-0.0038959379747327493,0.9968914991037606,0.004491603526810818,velocity_index_scaled_full_lag0
0.11431402106812331,1.1211041199275478,0.4124829304821832,-0.6941376669144946,0.9227657090507412,0.49950500200757253,2.516239962897243,0.0,0.2771363676419114,0.7816753977032554,0.3553584634992585,velocity_pp_only_lag2
0.8040158878426985,2.234496421342361,3.7243929162094824,-6.49566009220399,8.103691867889387,0.0015099781594444354,3306.6532954548675,0.0,0.21587837425622355,0.8290825544881053,0.270412332103902,velocity_pp_only_lag2
0.1268420546263512,1.1352376980780974,0.41572069397730294,-0.6879555331971599,0.9416396424498623,0.5026025736580885,2.5641823155771997,0.0,0.3051136411151964,0.7602796021549033,0.39539800993756635,velocity_pp_full_lag2
0.9224314432190415,2.51539901041196,3.7565695892378317,-6.440309657105534,8.285172543543617,0.0015959124184701167,3964.6487541258175,0.0,0.24555153879265498,0.8060294071485731,0.3110956199387381,velocity_pp_full_lag2
0.000140954883716373,1.0001409648183228,0.0300182286697861,-0.05869369218875208,0.05897560195618482,0.9429955718332086,1.0607493602150757,0.0,0.004695642946388995,0.9962534327580878,0.005415304728255366,velocity_pp_full_lag2
-0.000373755827090551,0.9996263140109175,0.00523349096180263,-0.010631209625639593,0.009883697971458492,0.9894251019533465,1.0099327030315937,0.0,-0.07141615984788366,0.9430665487494456,0.08456851469409352,velocity_pp_full_lag2
0.0003282402988188963,1.0003282941755605,0.010023268614774965,-0.019317005193510713,0.019973485791148507,0.9808683725844823,1.020174290553955,0.0,0.03274783021728543,0.9738756813285798,0.03819047594508592,velocity_pp_full_lag2
2.434799144745534e-05,1.0000243482878621,0.0010995873429849364,-0.0021308035986591116,0.0021794995815540225,0.9978714649517643,1.0021818764172241,0.0,0.022142844406848442,0.982334009949497,0.02571444655332401,velocity_pp_full_lag2
0.00015834640020714565,1.0001583589376601,0.0028268364751401777,-0.005382151281251759,0.00569884408166605,0.9946323065452563,1.0057151133843234,0.0,0.05601540860240016,0.9553295321444742,0.06592963149153713,velocity_pp_full_lag2
-0.000369604034286061,0.9996304642608707,0.007810004974057051,-0.01567693250251656,0.014937724433944439,0.984445310969279,1.015049849843398,0.0,-0.04732443007575492,0.9622546575081065,0.05550934589714442,velocity_pp_full_lag2
0.003096564382269222,1.0031013636902661,0.010780569383360607,-0.018032963341952746,0.024226092106491192,0.9821286575819317,1.0245219280278772,0.0,0.2872356989834553,0.773931853617104,0.3697215553612581,velocity_index_scaled_only_lag2
0.003447246975458309,1.003453195564768,0.0108711261423635,-0.017859768734966003,0.02475426268588262,0.9822987716997909,1.0250631932958154,0.0,0.3171011843956803,0.7511668262101977,0.41279474424768914,velocity_index_scaled_full_lag2
0.00014022130003773698,1.0001402311315037,0.030018226543856462,-0.05869442160568519,0.05897486420576066,0.9429948839965215,1.060748577647074,0.0,0.004671205336960011,0.9962729309355114,0.005387069293694582,velocity_index_scaled_full_lag2
-0.0003733774112373572,0.9996266922854335,0.005233487528238469,-0.010630824480124305,0.00988406965764959,0.9894254830260607,1.0099330784097031,0.0,-0.07134390007097842,0.9431240570175811,0.08448054172569769,velocity_index_scaled_full_lag2
0.00033060702735744933,1.0003306616838838,0.010023258433903783,-0.01931461851083131,0.01997583256554621,0.9808707136088315,1.0201766846756706,0.0,0.03298398714725018,0.9736873570990418,0.0384694855868996,velocity_index_scaled_full_lag2
2.4633990460406213e-05,1.0000246342938797,0.00109958659177294,-0.002130516127297703,0.002179784108218515,0.9978717518112742,1.0021821615647313,0.0,0.022402956388079556,0.9821265220880673,0.02601920371689199,velocity_index_scaled_full_lag2
0.0001590396128388262,1.0001590522603085,0.0028268327586550485,-0.005381450784443076,0.0056995300101207284,0.9946330032822568,1.0057158032331734,0.0,0.05626070815540361,0.955134119581127,0.0662247648083076,velocity_index_scaled_full_lag2
-0.00036910431400291816,0.9996309637966142,0.007810008688953997,-0.015676440063297638,0.014938231435291802,0.9844457957488785,1.0150503644751698,0.0,-0.04726042296533638,0.9623056707139778,0.055432864533512025,velocity_index_scaled_full_lag2
-1.2862389399453993e-12,0.9999999999987138,4.0593653388235597e-10,-7.969072253583865e-10,7.943347474784957e-10,0.9999999992030928,1.0000000007943346,0.0,-0.0031685715194044663,0.9974718499352409,0.003651967870059878,velocity_pp_roll2_only_lag1
-1.4922601618664657e-12,0.9999999999985077,4.3725091152142517e-10,-8.584882989511695e-10,8.555037786274366e-10,0.9999999991415117,1.0000000008555037,0.0,-0.0034128234442647822,0.9972769661511037,0.003933865889050036,velocity_pp_roll2_only_lag1
-1.3632751101618791e-12,0.9999999999986368,4.0593626428759437e-10,-7.969837331325798e-10,7.942571829122561e-10,0.9999999992030163,1.000000000794257,0.0,-0.0033583476769546198,0.9973204312756696,0.003870989120280923,velocity_pp_roll2_full_lag1
-1.581635527778128e-12,0.9999999999984184,4.372505741177055e-10,-8.585770130179425e-10,8.554137419623863e-10,0.999999999141423,1.0000000008554137,0.0,-0.00361722916195042,0.9971138749926387,0.0041698184427830486,velocity_pp_roll2_full_lag1
0.0003174422191237206,1.0003174926092369,0.029952720641482522,-0.05838881147717149,0.05902369591541893,0.9432831168254001,1.0608003770783552,0.0,0.010598109698391948,0.9915440901927861,0.012251169848019904,velocity_pp_roll2_full_lag1
-0.00034516840100637613,0.9996548911627527,0.0052191918680869545,-0.010574596490861132,0.00988425968884838,0.9894811179956036,1.0099332703285149,0.0,-0.06613445332732984,0.9472707810951353,0.07815121016231352,velocity_pp_roll2_full_lag1
0.00026217715624112864,1.0002622115276756,0.010007780396724446,-0.01935271198652476,0.01987706629900702,0.9808333495458124,1.0200759306089482,0.0,0.026197333059680188,0.9790999430638934,0.030471962327716394,velocity_pp_roll2_full_lag1
1.3830803506477448e-05,1.0000138308991524,0.0010985098883837317,-0.0021392090143867513,0.002166870621399706,0.9978630774625089,1.0021692199821584,0.0,0.012590513433454019,0.9899544891236864,0.014565892750454296,velocity_pp_roll2_full_lag1
0.00023253608978426245,1.0002325631283966,0.0028199903193103747,-0.005294543372815678,0.0057596155523842035,0.994719448018381,1.0057762340280643,0.0,0.08245988938044613,0.9342810133054783,0.09807154546047776,velocity_pp_roll2_full_lag1
-0.00026434183736627747,0.9997356930978588,0.007791648310444093,-0.015535691906039062,0.015007008231306506,0.9845843644319656,1.0151201787878068,0.0,-0.03392630504279152,0.9729359168678341,0.039583310910406545,velocity_pp_roll2_full_lag1
-3.6543285140146716e-05,0.9999634573825575,0.011118647909854656,-0.021828692745236824,0.02175560617495653,0.978407829055,1.0219939849278008,0.0,-0.003286666277808631,0.9973776244416527,0.0037882575041121233,velocity_index_roll2_only_lag1
-3.873201207815632e-05,0.9999612687379965,0.011118639947431156,-0.02183086586611154,0.021753401841955226,0.978405702858833,1.0219917321152157,0.0,-0.003483520669909357,0.9972205582616249,0.004015469783207532,velocity_index_roll2_full_lag1
0.0003174381343326385,1.000317488523149,0.029952720633051134,-0.05838881554543735,0.05902369181410263,0.9432831129878736,1.0608003727276776,0.0,0.010597973326748939,0.9915441989955041,0.01225101154025068,velocity_index_roll2_full_lag1
-0.00034516836821184255,0.999654891195536,0.005219191870752673,-0.01057459646329131,0.009884259726867625,0.9894811180228834,1.009933270366912,0.0,-0.066134447010101,0.9472707861245439,0.0781512025025156,velocity_index_roll2_full_lag1
0.000262177129609158,1.0002622115010364,0.010007780408895498,-0.019352712037011555,0.019877066296229873,0.9808333494962931,1.0200759306061151,0.0,0.026197330366693465,0.9790999452118487,0.030471959162723303,velocity_index_roll2_full_lag1
1.3830667527930838e-05,1.000013830763172,0.0010985098877924384,-0.0021392091492063846,0.002166870484262246,0.9978630773279774,1.0021692198447234,0.0,0.01259038965568612,0.989954587876229,0.014565748834953204,velocity_index_roll2_full_lag1
0.0002325357367211391,1.0002325627752513,0.0028199903177911333,-0.005294543722901144,0.005759615196343422,0.9947194476701441,1.0057762336699667,0.0,0.08245976422475157,0.9342811128263467,0.0980713917826724,velocity_index_roll2_full_lag1
-0.0002643423743505296,0.9997356925610166,0.007791648318258151,-0.015535692458338586,0.015007007709637525,0.9845843638881803,1.0151201782582504,0.0,-0.03392637392669492,0.9729358619380521,0.039583392361738405,velocity_index_roll2_full_lag1
-9.050450103432695e-13,0.999999999999095,4.059528884229404e-10,-7.965580857393135e-10,7.947479957186269e-10,0.999999999203442,1.000000000794748,0.0,-0.0022294336021581695,0.9982211708230775,0.00256859325435238,velocity_pp_roll2_only_lag0
-1.0501803198883739e-12,0.9999999999989498,4.3727135213885564e-10,-8.58086281983177e-10,8.559859213434001e-10,0.9999999991419137,1.0000000008559857,0.0,-0.002401667327968215,0.9980837485609879,0.0027672186390944064,velocity_pp_roll2_only_lag0
-9.585581788362784e-13,0.9999999999990414,4.0595279545539883e-10,-7.966114166947733e-10,7.946943003371007e-10,0.9999999992033886,1.0000000007946943,0.0,-0.0023612552729461206,0.9981159926243243,0.002720611729657692,velocity_pp_roll2_full_lag0
-1.1122753014219193e-12,0.9999999999988878,4.372712354586024e-10,-8.581481482756164e-10,8.559235976727725e-10,0.9999999991418519,1.0000000008559236,0.0,-0.0025436736085678825,0.9979704442886329,0.0029310052863700566,velocity_pp_roll2_full_lag0
0.0001344488559826018,1.0001344578946352,0.02987512343389149,-0.058419717108133304,0.0586886148200985,0.9432539645159865,1.0604449824724198,0.0,0.004500361522526057,0.996409243143901,0.005189690153236406,velocity_pp_roll2_full_lag0
4.101217695692795e-05,1.0000410130179678,0.005203610811069026,-0.010157877602301623,0.01023990195621548,0.9898935393932703,1.0102925091631345,0.0,0.00788148430887406,0.9937115504579099,0.009100960520590961,velocity_pp_roll2_full_lag0
0.00033436818801110634,1.0003344240952847,0.009988826949748212,-0.019243372881298473,0.019912109257320683,0.9809405988497923,1.0201116777135997,0.0,0.03347421971501216,0.9732964239944742,0.03904884044782353,velocity_pp_roll2_full_lag0
4.1598110468724314e-05,1.0000415989756821,0.0010971918876614033,-0.0021088584734771433,0.002192054694414592,0.9978933636062618,1.002194459002777,0.0,0.03791325012198925,0.969756848575557,0.04430503555516259,velocity_pp_roll2_full_lag0
9.446836081658094e-05,1.0000944728230927,0.002812445484334683,-0.005417823496961707,0.0056067602185948685,0.9945968264398958,1.0056225075153524,0.0,0.033589401587611055,0.9732045738085745,0.039184994303331645,velocity_pp_roll2_full_lag0
-3.0643433167735165e-05,0.9999693570363375,0.007769940540183503,-0.015259447053945094,0.015198160187609625,0.9848563883649679,1.0153142395428205,0.0,-0.003943843972712236,0.9968532759412676,0.004546920905115961,velocity_pp_roll2_full_lag0
-2.5690344883572062e-05,0.9999743099851105,0.011109313362923392,-0.02179954442918297,0.021748163739415828,0.9784363484112745,1.021986378831749,0.0,-0.0023125051967038675,0.9981548894512839,0.0026643906427581037,velocity_index_roll2_only_lag0
-2.720937164175577e-05,0.9999727909985299,0.011109310618212305,-0.021801058076406275,0.021746639333122764,0.9784348674049335,1.021984820910469,0.0,-0.002449240333342508,0.9980457909061416,0.002822086140761359,velocity_index_roll2_full_lag0
0.00013444680577335592,1.0001344558441503,0.02987512342892667,-0.05841971914861168,0.05868861276015839,0.9432539625912972,1.0604449802879665,0.0,0.004500292897306575,0.9964092978983495,0.005189610874596896,velocity_index_roll2_full_lag0
4.101218115235586e-05,1.0000410130221633,0.005203610812412907,-0.010157877600740153,0.010239901963044864,0.9898935393948161,1.0102925091700339,0.0,0.0078814851130918,0.9937115498162569,0.009100961452158772,velocity_index_roll2_full_lag0
0.00033436816764339296,1.0003344240749101,0.009988826955593643,-0.01924337291312302,0.019912109248409807,0.9809405988185742,1.0201116777045098,0.0,0.03347421765637357,0.9732964256361102,0.039048838014464106,velocity_index_roll2_full_lag0
4.1598043043255914e-05,1.0000415989082538,0.0010971918873616117,-0.0021088585403150305,0.0021920546264015423,0.9978933635395646,1.0021944589346148,0.0,0.037913188679589704,0.9697568975642779,0.044304962675261864,velocity_index_roll2_full_lag0
9.446819670070748e-05,1.0000944726589613,0.002812445483804303,-0.005417823660038054,0.005606760053439469,0.9945968262777006,1.0056225073492684,0.0,0.0335893432405038,0.9732046203365756,0.039184925329431734,velocity_index_roll2_full_lag0
-3.064370575711443e-05,0.9999693567637564,0.007769940543911207,-0.01525944733384064,0.01519815992232641,0.9848563880893111,1.0153142392734746,0.0,-0.003943879053376785,0.9968532479511646,0.004546961413768891,velocity_index_roll2_full_lag0
-1.1515420850148392e-11,0.9999999999884845,3.9585551683976326e-10,-7.873779769375732e-10,7.643471352372765e-10,0.999999999212622,1.000000000764347,0.0,-0.02908995924088554,0.9767928437755796,0.03387546406174076,velocity_pp_roll2_only_lag2
-1.2531098325249514e-11,0.9999999999874689,4.263954050935774e-10,-8.482507354820279e-10,8.231885388315289e-10,0.9999999991517493,1.0000000008231886,0.0,-0.02938844597187772,0.9765547876047489,0.03422710905651123,velocity_pp_roll2_only_lag2
-1.1538499496567914e-11,0.9999999999884615,3.9584809464517413e-10,-7.873865083499119e-10,7.64309509356776e-10,0.9999999992126134,1.0000000007643095,0.0,-0.029148806455442624,0.9767459103941732,0.03394478498662708,velocity_pp_roll2_full_lag2
-1.2557210590312672e-11,0.9999999999874428,4.263873638139324e-10,-8.482610871285973e-10,8.23146665947972e-10,0.999999999151739,1.0000000008231467,0.0,-0.02945024092175585,0.9765055037004834,0.034299919552542635,velocity_pp_roll2_full_lag2
0.000134917562467117,1.0001349266642507,0.030018232908916156,-0.05869973781854357,0.05896957294347781,0.9429898708483193,1.0607429649629825,0.0,0.004494520476155116,0.9964139035774858,0.005182942354835637,velocity_pp_roll2_full_lag2
-0.00037264248021916203,0.9996274269423663,0.005233487458765839,-0.010630089412942257,0.009884804452503932,0.9894262103205297,1.009933820503605,0.0,-0.0712034724751282,0.943235817798376,0.08430959160471607,velocity_pp_roll2_full_lag2
0.00033271481479414075,1.0003327701705071,0.010023253515891025,-0.01931250108426674,0.019977930713855018,0.9808727905327358,1.0201788251599015,0.0,0.03319429307725774,0.9735196490809037,0.03871799694282163,velocity_pp_roll2_full_lag2
2.485656066156285e-05,1.0000248568695884,0.0010995863144814097,-0.002130293013615134,0.0021800061349382597,0.9978719744501403,1.0021823840759738,0.0,0.022605374707019503,0.9819650565281186,0.026256408097454734,velocity_pp_roll2_full_lag2
0.00015997149952543435,1.0001599842956481,0.002826824687762773,-0.005380503079098284,0.005700446078149153,0.9946339459017168,1.0057167245376886,0.0,0.05659052725057394,0.954871380612295,0.06662167697398953,velocity_pp_roll2_full_lag2
-0.00036742480107011366,0.9996326426911557,0.007810007832797082,-0.015674758872328116,0.014939909270187889,0.9844474507916514,1.0150520675635215,0.0,-0.04704538189157281,0.9624770580294431,0.05517594241232494,velocity_pp_roll2_full_lag2
-0.0003342082829189505,0.9996658475584482,0.010820712552972525,-0.021542415173805562,0.02087399860796766,0.9786879653686299,1.0210933843437475,0.0,-0.030885977358962476,0.9753604730354104,0.03599258725755296,velocity_index_roll2_only_lag2
-0.000334904217522722,0.9996651518566347,0.010820440156116894,-0.021542577220382796,0.02087276878533735,0.9786878067756076,1.021092128580768,0.0,-0.030951071554459603,0.9753085602009365,0.036069375669729106,velocity_index_roll2_full_lag2
0.00013468055994187507,1.0001346896297756,0.030018233133036788,-0.05869997526033718,0.05896933638022093,0.9429896469431395,1.0607427140302017,0.0,0.004486625156950073,0.9964202030672664,0.005173821432390243,velocity_index_roll2_full_lag2
-0.0003726326531051929,0.999627436765819,0.005233487609880545,-0.010630079882007669,0.009884814575797284,0.9894262197506861,1.0099338307274615,0.0,-0.07120159268203528,0.9432373138590868,0.0843073033565219,velocity_index_roll2_full_lag2
0.0003327075195620854,1.0003327628728476,0.010023254344050795,-0.019312510002662115,0.019977925041786287,0.9808727817849245,1.0201788193733774,0.0,0.03319356250393474,0.9735202316730295,0.038717133578101665,velocity_index_roll2_full_lag2
2.484697332603788e-05,1.0000248472820146,0.0010995862728737508,-0.0021303025194011455,0.0021799964660532216,0.9978719649645827,1.0021823743859875,0.0,0.02259665652345834,0.9819720108557976,0.026246190892207383,velocity_index_roll2_full_lag2
0.00015994284807826565,1.0001599556396175,0.002826824483996277,-0.00538053133117046,0.005700417027326991,0.9946339178012471,1.0057166953207912,0.0,0.05658039577050596,0.9548794514324329,0.06660948299350421,velocity_index_roll2_full_lag2
-0.0003674539240285887,0.9996326135788962,0.007810008421178128,-0.01567478914849225,0.014939881300435073,0.9844474209863593,1.0150520391727664,0.0,-0.04704910727524655,0.9624740888911553,0.05518039297834617,velocity_index_roll2_full_lag2
-1.2724857348724051e-11,0.9999999999872752,5.662040400052086e-10,-1.122464383660009e-09,1.0970146689625609e-09,0.9999999988775357,1.0000000010970147,0.0,-0.022473978371131003,0.9820698690081029,0.02610242667556239,velocity_pp_roll4_only_lag1
-1.3885725056885837e-11,0.9999999999861143,6.098794746786526e-10,-1.2092275303372528e-09,1.1814560802234813e-09,0.9999999987907725,1.000000001181456,0.0,-0.02276798225453032,0.9818353478605053,0.02644698759970961,velocity_pp_roll4_only_lag1
-1.275691707973245e-11,0.9999999999872431,5.661949912238653e-10,-1.1224787081054804e-09,1.0969648739460154e-09,0.9999999988775213,1.000000001096965,0.0,-0.02253096067161878,0.9820244152197837,0.026169201428216625,velocity_pp_roll4_full_lag1
-1.3921860664012309e-11,0.9999999999860781,6.098696848951127e-10,-1.2092444783212247e-09,1.1814007569932e-09,0.9999999987907555,1.0000000011814005,0.0,-0.022827599090134532,0.9817877928675242,0.02651686592934814,velocity_pp_roll4_full_lag1
0.0003177404126263007,1.000317790897458,0.02995272056103778,-0.058388513126000116,0.05902399395125271,0.9432833982550649,1.060800693234927,0.0,0.010608065199914243,0.9915361472983307,0.012262726792841907,velocity_pp_roll4_full_lag1
-0.00034518058548229177,0.999654878982482,0.0052191916795288375,-0.01057460830576993,0.009884247134805346,0.9894811063049745,1.0099332576497693,0.0,-0.06613679026892014,0.9472689205588922,0.0781540437650181,velocity_pp_roll4_full_lag1
0.0002621862032827391,1.0002622205770895,0.010007779353816514,-0.019352700895421165,0.019877073301986643,0.9808333604243367,1.0200759377525193,0.0,0.02619823979060381,0.9790992198455123,0.030473027983949543,velocity_pp_roll4_full_lag1
1.3842876393713032e-05,1.0000138429722067,0.0010985099497192187,-0.0021391970617148618,0.0021668828145022874,0.9978630893896389,1.0021692322017106,0.0,0.012601502969774008,0.9899457214378921,0.014578670259894662,velocity_pp_roll4_full_lag1
0.0002325720063750771,1.000232599053341,0.002819990604697009,-0.00529450801557239,0.005759652028322544,0.9947194831889191,1.0057762707146967,0.0,0.08247261745755552,0.9342708922429108,0.09808717425487348,velocity_pp_roll4_full_lag1
-0.00026430517533237053,0.9997357297502034,0.0077916475832082496,-0.015535653818649095,0.015007043467984352,0.9845844019322151,1.0151202145572704,0.0,-0.03392160291001529,0.9729396664687728,0.03957775091394432,velocity_pp_roll4_full_lag1
-0.0002551105448985838,0.9997449219930294,0.010957225241891275,-0.021730877389498665,0.021220656299701497,0.9785035370456352,1.0214474155796889,0.0,-0.023282404008932316,0.9814250074767984,0.027050062014839005,velocity_index_roll4_only_lag1
-0.00025577177219010875,0.9997442609346211,0.010957020514402798,-0.021731137358286128,0.02121959381390591,0.9785032826652904,1.0214463303068955,0.0,-0.023343186393956418,0.9813765233272551,0.0271213354890281,velocity_index_roll4_full_lag1
0.00031759357241715206,1.0003176440105952,0.029952720619486572,-0.058388660080766784,0.05902384722560109,0.9432832596350833,1.0608005375882656,0.0,0.010603162779494987,0.9915400586439154,0.012257035757004493,velocity_index_roll4_full_lag1
-0.00034517473110804044,0.9996548848348357,0.005219191772720968,-0.010574602634048897,0.009884253171832816,0.9894811119170352,1.009933263746764,0.0,-0.06613566738669337,0.9472698145320255,0.07815268224035544,velocity_index_roll4_full_lag1
0.000262181853185206,1.0002622162258512,0.010007779864804516,-0.019352706247036777,0.01987706995340719,0.9808333551752935,1.0200759343367138,0.0,0.02619780378136118,0.9790995676111928,0.030472515554030962,velocity_index_roll4_full_lag1
1.3836963130745209e-05,1.000013837058862,0.0010985099211357353,-0.002139202918955231,0.002166876845216721,0.9978630835449152,1.0021692262194764,0.0,0.012596120312176471,0.9899500158364466,0.014572411841957188,velocity_index_roll4_full_lag1
0.00023255447080832692,1.0002325815136957,0.002819990471513348,-0.00529452529010396,0.005759634231720614,0.9947194660056062,1.005776252815297,0.0,0.08246640304551332,0.9342758337934425,0.09807954356483294,velocity_index_roll4_full_lag1
-0.0002643232668913673,0.9997357116634257,0.007791647940418076,-0.015535672610326486,0.015007026076543752,0.9845843834302228,1.0151201969028674,0.0,-0.0339239232717674,0.9729378161528908,0.0395804946031755,velocity_index_roll4_full_lag1
-1.3027779564935292e-11,0.9999999999869722,5.662119942178809e-10,-1.122782895846583e-09,1.0967273367167127e-09,0.9999999988772171,1.0000000010967274,0.0,-0.023008660533464686,0.981643364672294,0.02672911257787342,velocity_pp_roll4_only_lag0
-1.4238860727610519e-11,0.9999999999857612,6.098871775447522e-10,-1.2095957633481103e-09,1.1811180418928894e-09,0.9999999987904042,1.000000001181118,0.0,-0.023346712723052294,0.981373710490297,0.0271254705703649,velocity_pp_roll4_only_lag0
-1.3059157159517745e-11,0.9999999999869409,5.66206341117441e-10,-1.1228031935679024e-09,1.0966848792488669e-09,0.9999999988771968,1.000000001096685,0.0,-0.023064307499179086,0.9815989765969863,0.026794350021856567,velocity_pp_roll4_full_lag0
-1.4274620352943029e-11,0.9999999999857254,6.098810364142077e-10,-1.2096194865787512e-09,1.1810702458728653e-09,0.9999999987903806,1.0000000011810704,0.0,-0.023405581581730405,0.9813267527684939,0.027194503694530147,velocity_pp_roll4_full_lag0
0.00013476620722169253,1.000134775288595,0.029875123388268022,-0.05841939966747386,0.05868893208191724,0.9432542639431946,1.0604453189111769,0.0,0.004510984121143925,0.9964007676224997,0.005201961862660348,velocity_pp_roll4_full_lag0
4.0999758945810696e-05,1.0000410005994473,0.005203610610280686,-0.010157889626774826,0.010239889144666448,0.989893527490322,1.0102924962197224,0.0,0.007879098190938454,0.9937134542454584,0.009098196557323293,velocity_pp_roll4_full_lag0
0.00033437729112986854,1.0003344332014479,0.009988825849239793,-0.019243361621222848,0.019912116203482582,0.9809406098952578,1.0201116847994607,0.0,0.033475134733209566,0.9732956943245136,0.03904992202133227,velocity_pp_roll4_full_lag0
4.161086807353872e-05,1.0000416117338178,0.0010971919518582877,-0.00210884584169591,0.0021920675778429877,0.9978933762114325,1.0021944719144777,0.0,0.037924875408594995,0.9697475796049747,0.04431882495177238,velocity_pp_roll4_full_lag0
9.450592213651945e-05,1.000094510387962,0.0028124457747541404,-0.005417786504853445,0.005606798349126484,0.99459686323213,1.0056225458602739,0.0,0.03360275351256541,0.9731939265242683,0.03920077810532805,velocity_pp_roll4_full_lag0
-3.06044243579128e-05,0.9999693960439527,0.007769939778139823,-0.015259406551557105,0.015198197702841278,0.9848564282540043,1.01531427763257,0.0,-0.003938823881752107,0.996857281363228,0.004541124073296185,velocity_pp_roll4_full_lag0
-0.00026115046050791596,0.9997388836363054,0.010947585050857776,-0.02171802287787825,0.02119572195686242,0.9785161153115663,1.021421946777162,0.0,-0.02385461810022239,0.980968573480487,0.027721176190135866,velocity_index_roll4_only_lag0
-0.00026179788347657323,0.999738236382599,0.010947452217291626,-0.02171840995184132,0.02119481418488817,0.9785157365535291,1.0214210195593656,0.0,-0.0239140466914357,0.9809211698479928,0.027790893650829478,velocity_index_roll4_full_lag0
0.00013461209595771437,1.0001346211565725,0.029875123434390586,-0.0584195538691364,0.05868877806105183,0.94325411849183,1.0604451555804837,0.0,0.004505825599460332,0.9964048834854785,0.005196002490651183,velocity_index_roll4_full_lag0
4.100569488804017e-05,1.000041006535633,0.005203610708094666,-0.010157883882544474,0.010239895272320554,0.9898935331764985,1.0102925024104454,0.0,0.007880238778095423,0.9937125442168275,0.009099517757502697,velocity_index_roll4_full_lag0
0.0003343729210617125,1.000334428829918,0.009988826381804582,-0.019243367035098807,0.01991211287722223,0.9809406045845669,1.0201116814063036,0.0,0.03347469545279099,0.9732960446232553,0.039049402781219066,velocity_index_roll4_full_lag0
4.160469171335196e-05,1.0000416055572006,0.0010971919222360735,-0.0021088519599976236,0.002192061343424328,0.9978933701060198,1.0021944656663777,0.0,0.03791924718928092,0.9697520670464538,0.04431214899328038,velocity_index_roll4_full_lag0
9.448777983133162e-05,1.000094492243942,0.0028124456402890395,-0.005417804383611878,0.005606779943274541,0.994596845449973,1.0056225273509343,0.0,0.03359630439705884,0.9731990692702465,0.03919315434780804,velocity_index_roll4_full_lag0
-3.062339313049489e-05,0.9999693770757608,0.007769940148198774,-0.015259426245631903,0.015198179459370912,0.9848564088581684,1.0153142591097144,0.0,-0.003941264996435526,0.9968553336506292,0.00454394289009687,velocity_index_roll4_full_lag0
-1.3433665389699177e-11,0.9999999999865663,5.662181966565307e-10,-1.123200938227717e-09,1.0963336074483187e-09,0.999999998876799,1.0000000010963335,0.0,-0.023725244912692324,0.981071769142843,0.027569415936052197,velocity_pp_roll4_only_lag2
-1.4711625687326157e-11,0.9999999999852883,6.098918770735771e-10,-1.2100777392150673e-09,1.1806544878404148e-09,0.9999999987899222,1.0000000011806542,0.0,-0.024121694746807313,0.9807555384506265,0.028034517480538958,velocity_pp_roll4_only_lag2
-1.3469319565597041e-11,0.9999999999865307,5.662115934145607e-10,-1.1232236502871726e-09,1.0962850111559785e-09,0.9999999988767764,1.0000000010962848,0.0,-0.023788491302994687,0.981021320062959,0.027643604706995405,velocity_pp_roll4_full_lag2
-1.475224037317571e-11,0.9999999999852478,6.098846939155191e-10,-1.2101042751698277e-09,1.1805997944234763e-09,0.9999999987898958,1.0000000011805998,0.0,-0.024188572889843968,0.9807021929778772,0.02811299100334301,velocity_pp_roll4_full_lag2
0.000134750659109187,1.0001347597383872,0.0300182331879486,-0.05869990526879504,0.05896940658701341,0.9429897129444417,1.0607427885015481,0.0,0.00448896036836989,0.9964183398568912,0.005176519136504799,velocity_pp_roll4_full_lag2
-0.0003726342041340436,0.999627435215368,0.005233487563509408,-0.01063008134215076,0.009884812933882674,0.9894262183059824,1.0099338290692363,0.0,-0.07120188967912004,0.943237077489618,0.08430766488707007,velocity_pp_roll4_full_lag2
0.00033270866929137414,1.0003327640229593,0.01002325411889396,-0.01931250841163354,0.019977925750216285,0.9808727833455211,1.0201788200961026,0.0,0.0331936779557663,0.9735201396065297,0.03871727001480282,velocity_pp_roll4_full_lag2
2.484951695401402e-05,1.0000248498257058,0.0010995862841528458,-0.00213029999787979,0.0021799990317878178,0.9978719674807384,1.0021823769573215,0.0,0.02259896955076957,0.981970165798177,0.02624890161914324,velocity_pp_roll4_full_lag2
0.00015994994003392431,1.0001599627327076,0.0028268245252717054,-0.005380524320113154,0.005700424200181003,0.9946339247746825,1.0057167025346503,0.0,0.056582903750826356,0.954877453554304,0.06661250152309967,velocity_pp_roll4_full_lag2
-0.00036744498583374686,0.9996326225138074,0.007810008268070232,-0.015674779910211444,0.014939889938543952,0.9844474300809611,1.0150520479408964,0.0,-0.04704796374364639,0.9624750002880873,0.05517902684576478,velocity_pp_roll4_full_lag2
-0.0002700228935093188,0.9997300135593911,0.010966904046613069,-0.021764759846777514,0.021224714059758874,0.9784703835030091,1.0214515603766219,0.0,-0.024621615394976537,0.9803567779329663,0.028621214962833014,velocity_index_roll4_only_lag2
-0.0002707600605851208,0.999729276591612,0.010966748874788554,-0.021765192882665853,0.02122367276149561,0.9784699597903092,1.0214504967414397,0.0,-0.02468918215202053,0.9803028838440009,0.028700527794548753,velocity_index_roll4_full_lag2
0.0001345841405309113,1.0001345931973826,0.03001823323261338,-0.05870007187491467,0.058969240155976495,0.9429895558365977,1.0607426119610406,0.0,0.004483413113890129,0.9964227658810564,0.005170110795071483,velocity_index_roll4_full_lag2
-0.00037262793034021654,0.9996274414868245,0.0052334876699532224,-0.010630075276982977,0.009884819416302544,0.9894262243070184,1.0099338356160514,0.0,-0.07120068945219224,0.9432380327077836,0.08430620386751782,velocity_index_roll4_full_lag2
0.00033270401375629473,1.000332759365875,0.010023254692228938,-0.019312514190884526,0.019977922218397115,0.980872777676811,1.0201788164930152,0.0,0.033193211583682616,0.9735205115126745,0.0387167188736128,velocity_index_roll4_full_lag2
2.4842916651571366e-05,1.0000248432252394,0.0010995862527154465,-0.002130306536566062,0.0021799923698692047,0.9978719609559666,1.0021823702808643,0.0,0.022592967664174932,0.9819749533884519,0.02624186778435842,velocity_index_roll4_full_lag2
0.00015993045119017015,1.0001599432407466,0.002826824381296464,-0.00538054352677062,0.0057004044291509605,0.9946339056710897,1.0057166826505954,0.0,0.0565760123792414,0.9548829432793083,0.06660420728990393,velocity_index_roll4_full_lag2
-0.00036746559816334826,0.9996326019090505,0.007810008669139005,-0.015674801308621398,0.0149398701122947,0.9844474090153517,1.0150520278162216,0.0,-0.04705060054739461,0.9624728987503931,0.05518217693415021,velocity_index_roll4_full_lag2
-7.900832804807706e-10,0.9999999992099167,1.0184682385143237e-08,-2.0751693949341012e-08,1.917152738837947e-08,0.9999999792483062,1.0000000191715275,0.0,-0.07757564257804382,0.9381656183853252,0.09208546454364189,velocity_pp_cum_only_lag1
-8.629832251306146e-10,0.9999999991370168,1.0684873360582723e-08,-2.1804950191244207e-08,2.0078983740982978e-08,0.99999997819505,1.000000020078984,0.0,-0.08076681828670264,0.9356273970007903,0.09599398764499363,velocity_pp_cum_only_lag1
-7.943824448559916e-10,0.9999999992056176,1.0184334450373747e-08,-2.0755311174099062e-08,1.9166546284387077e-08,0.999999979244689,1.0000000191665464,0.0,-0.07800042788528407,0.9378277126278646,0.09260518383878992,velocity_pp_cum_full_lag1
-8.677134098950496e-10,0.9999999991322865,1.0684473599563e-08,-2.1808896858807562e-08,2.0073470039017466e-08,0.9999999781911033,1.0000000200734702,0.0,-0.08121255594010167,0.9352729143048171,0.09654068746709639,velocity_pp_cum_full_lag1
0.0003214727765219555,1.0003215244544326,0.029952724638641515,-0.05838478875406092,0.059027734307104826,0.9432869113998262,1.0608046610144284,0.0,0.010732672249362878,0.9914367309172478,0.012407385876853859,velocity_pp_cum_full_lag1
-0.0003452424215214855,0.9996548171677856,0.005219189218284071,-0.010574665317858023,0.009884180474815053,0.9894810498925922,1.0099331903276305,0.0,-0.0661486692821978,0.947259463187584,0.07816844745809903,velocity_pp_cum_full_lag1
0.0002622231596185971,1.0002622575431166,0.010007767588342271,-0.01935264087917953,0.019877087198416726,0.9808334192902703,1.0200759519279332,0.0,0.026201963355349345,0.9790962498902216,0.030477404196473552,velocity_pp_cum_full_lag1
1.397405379346734e-05,1.0000139741514311,0.0010985105025530571,-0.0021390669678495195,0.0021670150754364544,0.9978632192055139,1.0021693647495584,0.0,0.012720910506536013,0.9898504556440754,0.014717512318489138,velocity_pp_cum_full_lag1
0.00023293797535619434,1.000232965107513,0.002819992663603963,-0.0052941460819747495,0.005760022032687138,0.9947198432113854,1.0057766428563755,0.0,0.0826023338154712,0.9341677455029935,0.09824646157350145,velocity_pp_cum_full_lag1
-0.00026382285214505144,0.9997362119460433,0.007791639753487379,-0.015535156149490859,0.015007510445200756,0.9845848919296275,1.015120688595393,0.0,-0.03385973434243668,0.9729890021026002,0.0395045968714281,velocity_pp_cum_full_lag1
-0.0008891837665609462,0.9991112114401786,0.011003307648216618,-0.022455270467879637,0.020676902934757747,0.9777949725268293,1.0208921510875035,0.0,-0.0808105885056356,0.9355925872029927,0.09604766377402903,velocity_index_cum_only_lag1
-0.0008941061172920648,0.9991062934764805,0.011002868163964062,-0.022459331445303973,0.020671119210719846,0.977791001731583,1.0208862465461044,0.0,-0.08126118608058833,0.9352342408885455,0.09660034395728659,velocity_index_cum_full_lag1
0.0003195119044679991,1.0003195629538333,0.029952722976263297,-0.05838674636791344,0.05902577017684944,0.9432850648101089,1.0608025774579448,0.0,0.010667207275986341,0.9914889614187821,0.012331384354602912,velocity_index_cum_full_lag1
-0.00034520665542683116,0.999654852921535,0.005219190507700299,-0.010574632078972737,0.009884218768119074,0.9894810827818398,1.0099332290013099,0.0,-0.06614180013500552,0.9472649319974327,0.07816011837575174,velocity_index_cum_full_lag1
0.0002622009367758429,1.000262235314446,0.010007773813144999,-0.01935267530241144,0.019877077175963122,0.9808333855268145,1.0200759417042693,0.0,0.026199726499758373,0.9790980340302652,0.03047477527449755,velocity_index_cum_full_lag1
1.3904409813975379e-05,1.0000139045064806,0.0010985102149576854,-0.002139136048152441,0.0021669448677803915,0.9978631502728227,1.0021692943895986,0.0,0.012657515264444743,0.9899010336568581,0.014643797361202936,velocity_index_cum_full_lag1
0.000232742687003064,1.0002327697736837,0.0028199915609874145,-0.005294339209239156,0.005759824583245284,0.9947196511038819,1.0057764442663586,0.0,0.08253311471668717,0.934222786414327,0.09816146087531413,velocity_index_cum_full_lag1
-0.00026407542172931814,0.9997359594431158,0.007791643929263285,-0.015535416903445511,0.015007266059986873,0.9845846351952566,1.0151204405149368,0.0,-0.03389213163829562,0.9729631676282254,0.03954290332997974,velocity_index_cum_full_lag1
-7.595587892073727e-10,0.9999999992404413,9.828001168091213e-09,-2.0022087118683732e-08,1.8502969540268984e-08,0.9999999799779131,1.0000000185029696,0.0,-0.07728517490142847,0.9383966843455261,0.09173017901318038,velocity_pp_cum_only_lag0
-8.321084369708057e-10,0.9999999991678916,1.032429786148672e-08,-2.1067360411148676e-08,1.9403143537207063e-08,0.9999999789326398,1.0000000194031438,0.0,-0.0805970970747429,0.9357623748949764,0.09578587286117471,velocity_pp_cum_only_lag0
-7.637324366098546e-10,0.9999999992362676,9.827700665313686e-09,-2.0025671791465006e-08,1.8498206918245294e-08,0.9999999799743284,1.0000000184982072,0.0,-0.07771222004200891,0.9380569733173715,0.09225254674553225,velocity_pp_cum_full_lag0
-8.36716442001206e-10,0.9999999991632835,1.0323948779952253e-08,-2.1071284228943852e-08,1.939785134494144e-08,0.999999978928716,1.0000000193978515,0.0,-0.08104616361774275,0.9354052399703617,0.09633658439212783,velocity_pp_cum_full_lag0
0.0001384555203319757,1.00013846510574,0.029875127795442706,-0.05841571899226723,0.05869263003293118,0.9432577357621666,1.06044924039327,0.0,0.004634474579656739,0.996302237522439,0.005344631278508882,velocity_pp_cum_full_lag0
4.094257739874513e-05,1.0000409434155575,0.005203608181478542,-0.010157942047957162,0.010239827202754653,0.9898934755989344,1.0102924336402759,0.0,0.00786811304211452,0.9937222188544238,0.009085471961442377,velocity_pp_cum_full_lag0
0.00033441169377549306,1.0003344676155994,0.00998881430168158,-0.019243304585779015,0.019912127973329998,0.9809406658436424,1.0201116968060198,0.0,0.03347861754915157,0.973292916996159,0.03905403880062574,velocity_pp_cum_full_lag0
4.174018684651832e-05,1.0000417410579803,0.0010971924978068798,-0.002108717592962508,0.002192197966655545,0.9978935041900023,1.0021946025894335,0.0,0.038042719878189635,0.9696536211268014,0.044458613903707624,velocity_pp_cum_full_lag0
9.486230097252522e-05,1.000094866800543,0.0028124477142029715,-0.005417433927267299,0.0056071585292123485,0.9945972139047531,1.005622908065554,0.0,0.0337294451710042,0.9730928984752216,0.03935055321926199,velocity_pp_cum_full_lag0
-3.0128020143617667e-05,0.9999698724337006,0.007769932142444202,-0.015258915181654394,0.015198659141367157,0.9848569121829305,1.0153147461378018,0.0,-0.0038775139333636754,0.9969061992508811,0.0044703297241889045,velocity_pp_cum_full_lag0
-0.000885255089062401,0.999115136633624,0.011000365627356182,-0.022445575535452875,0.020675065357328073,0.9778044522289677,1.0208902751208522,0.0,-0.08047506047080022,0.9358594307510706,0.09563624647620797,velocity_index_cum_only_lag0
-0.0008901979765490011,0.9991101981321227,0.010999972590076434,-0.022449748084026586,0.020669352130928586,0.9778003723009071,1.0208844425602428,0.0,-0.0809272904327133,0.9354997765149204,0.09619078607213623,velocity_index_cum_full_lag0
0.0001365044935740589,1.0001365138107363,0.029875125938165957,-0.058417666378829614,0.05869067536597773,0.9432558988765157,1.0604471675702096,0.0,0.004569168808077632,0.9963543434375837,0.005269181302717101,velocity_index_cum_full_lag0
4.097624299766845e-05,1.0000409770825354,0.0052036094621575315,-0.010157910892442935,0.010239863378438272,0.9898935064395751,1.010292470188296,0.0,0.00787458076853423,0.9937170585152348,0.009092963808707352,velocity_index_cum_full_lag0
0.0003343906357948975,1.000334446550576,0.009988820454532322,-0.019243337703125467,0.01991211897471526,0.980940633357491,1.0201116876264276,0.0,0.03347648877232259,0.9732946145627868,0.039051522529545524,velocity_index_cum_full_lag0
4.1671045091283905e-05,1.0000416719133414,0.0010971922111513122,-0.002108786172883154,0.002192128263065722,0.9978934357545473,1.0021945327328743,0.0,0.037979712823113645,0.9697038571783037,0.0443838723429556,velocity_index_cum_full_lag0
9.46706820078302e-05,1.0000946751634183,0.002812446663093089,-0.005417623486094479,0.005606964850110139,0.9945970253700895,1.005622713297431,0.0,0.033661325297352565,0.9731472194244947,0.039270019924904115,velocity_index_cum_full_lag0
-3.0379073988432506e-05,0.9999696213874509,0.007769936243891472,-0.015259174274188143,0.015198416126211279,0.9848566570138907,1.0153144994009604,0.0,-0.003909822813837857,0.9968804206893856,0.004507636226761287,velocity_index_cum_full_lag0
-8.568460814141571e-10,0.999999999143154,1.0586269090131232e-08,-2.160555222872098e-08,1.9891860065892667e-08,0.999999978394448,1.0000000198918602,0.0,-0.08093938233753467,0.9354901601170715,0.09620561622083594,velocity_pp_cum_only_lag2
-9.330208719200797e-10,0.9999999990669791,1.1088617623877897e-08,-2.266631205305687e-08,2.0800270309216707e-08,0.9999999773336882,1.0000000208002704,0.0,-0.08414221714264368,0.9329433592101102,0.1001385999487905,velocity_pp_cum_only_lag2
-8.611692811645983e-10,0.9999999991388308,1.0585901759421196e-08,-2.1609155473509333e-08,1.9886816911180138e-08,0.9999999783908448,1.000000019886817,0.0,-0.08135058313744302,0.9351631477317811,0.09671001663473842,velocity_pp_cum_full_lag2
-9.37764279324463e-10,0.9999999990622357,1.1088195334478272e-08,-2.2670227788446934e-08,2.079469922979801e-08,0.9999999773297724,1.0000000207946995,0.0,-0.08457321061151628,0.9326006975782286,0.10066858608423354,velocity_pp_cum_full_lag2
0.00013881024890675936,1.000138819883495,0.030018237428297553,-0.0586958539899287,0.05897347448774222,0.9429935332664753,1.0607471035066867,0.0,0.004624197181407656,0.9963104376119596,0.0053327571911521675,velocity_pp_cum_full_lag2
-0.0003727028693567246,0.9996273665757299,0.005233484880309348,-0.010630144748397963,0.009884739009684514,0.989426155570181,1.0099337544106906,0.0,-0.07121504654747267,0.9432266064087447,0.08432368064881292,velocity_pp_cum_full_lag2
0.000332749420839855,1.0003328047880693,0.010023241303797035,-0.019312442542956627,0.01997794138463634,0.9808728479543156,1.020178836046007,0.0,0.0331977861007698,0.9735168635865712,0.038722124876564845,velocity_pp_cum_full_lag2
2.4991960686981404e-05,1.0000249922729887,0.001099586880470393,-0.002130158722907738,0.0021801426442817013,0.9978721084550827,1.0021825208832427,0.0,0.022728500249375543,0.9818668417930124,0.026400711600742546,velocity_pp_cum_full_lag2
0.00016034963440361038,1.0001603624910935,0.0028268267871244717,-0.005380129058893428,0.0057008283277006485,0.9946343179149786,1.005717108972529,0.0,0.05672425177728083,0.9547648549912053,0.06678263326772531,velocity_pp_cum_full_lag2
-0.0003669199396043785,0.9996331473672844,0.007809999702090696,-0.015674238074970693,0.014940398195761937,0.9844479634894159,1.0150525638485577,0.0,-0.04698078791298237,0.9625285396431166,0.05509877664319548,velocity_pp_cum_full_lag2
-0.0009288327132441411,0.9990715985183362,0.011001405933377806,-0.0224911921219699,0.020633526695481616,0.9777598491449039,1.0208478695856724,0.0,-0.08442854657567916,0.9327157114226117,0.10049067535301966,velocity_index_cum_only_lag2
-0.0009336076595675984,0.9990668280164694,0.011000955597670038,-0.02249508442652518,0.020627869107389982,0.9777560434131957,1.0208420940652598,0.0,-0.08486605106972098,0.9323678817078291,0.10102878765238968,velocity_index_cum_full_lag2
0.00013667739692733565,1.0001366867377084,0.03001823573171254,-0.0586979835166626,0.05897133831051726,0.9429915251386746,1.0607448375653032,0.0,0.004553145566211403,0.996367128001896,0.005250669706593012,velocity_index_cum_full_lag2
-0.00037266351468975134,0.9996274059157328,0.005233486286457132,-0.010630108149730004,0.009884781120350501,0.989426191781861,1.0099337969396744,0.0,-0.07120750763293394,0.9432326063599433,0.08431450356215098,velocity_index_cum_full_lag2
0.000332725143380607,1.0003327805025308,0.010023248078778916,-0.01931248009913636,0.019977930385897576,0.9808728111164795,1.0201788248253265,0.0,0.03319534154652404,0.9735188129842363,0.0387192359861578,velocity_index_cum_full_lag2
2.4916397533802094e-05,1.0000249167079498,0.0010995865718274546,-0.002130233681131874,0.0021800664761994783,0.9978720336563642,1.0021824445489247,0.0,0.022659787025583956,0.9819216528970491,0.026320177767069766,velocity_index_cum_full_lag2
0.0001601366946778014,1.0001601495172427,0.0028268255855305098,-0.005380339643538348,0.005700613032893951,0.9946341084602859,1.0057168924468818,0.0,0.05664894767384405,0.954824842514149,0.06669199211899313,velocity_index_cum_full_lag2
-0.00036719493492128833,0.999632872472888,0.007810004267844608,-0.015674522019000835,0.014940132149158257,0.9844476839613334,1.0150522937973063,0.0,-0.0470159710965979,0.9625004985105144,0.055140806973280956,velocity_index_cum_full_lag2
-1.164069727632039e-15,0.9999999999999989,7.251780947612735e-09,-1.4213230645164434e-08,1.4213228317024978e-08,0.9999999857867695,1.0000000142132284,0.0,-1.6052190986481016e-07,0.9999998719220464,1.8477744030450103e-07,lag0
-2.1123224660195826e-14,0.9999999999999789,2.178696216795184e-08,-4.270168230494697e-08,4.270164005849764e-08,0.9999999572983186,1.000000042701641,0.0,-9.695351053240292e-07,0.9999992264229083,1.1160362656358324e-06,lag0
-0.0018940830114450706,0.9981077096317984,0.054407505443899794,-0.10853083417015559,0.10474266814726545,0.8971512314767585,1.110424825908788,0.0,-0.03481289935996204,0.9722289346652252,0.04063202383754905,lag0
0.0006763288328641814,1.0006765575947791,0.008612834318600335,-0.016204516236403052,0.017557173902131414,0.983926070619736,1.0177122070655413,0.0,0.07852569872423729,0.9374098887095681,0.09324808104225511,lag0
-0.0012598850510863208,0.9987409082708848,0.015538749297197688,-0.03171527403839086,0.029195503936218222,0.9687823803086996,1.0296258707098975,0.0,-0.0810802096738592,0.935378164254653,0.09637834443842284,lag0
-4.7101200239638024e-05,0.9999528999090045,0.0016309731348017182,-0.0032437498042033963,0.00314954740372412,0.9967615054683939,1.0031545124393182,0.0,-0.02887920054266513,0.9769609342648987,0.033627220584302356,lag0
-0.0004558662675239015,0.9995442376237156,0.00506705857189142,-0.010387118575986044,0.009475386040938241,0.989666641242626,1.0095204196357659,0.0,-0.08996664653784273,0.928313719520435,0.10731565471728426,lag0
-0.001516662007323403,0.9984844875432655,0.011263937636496,-0.023593574098960783,0.020560250084313975,0.9766825782005135,1.0207730680539062,0.0,-0.1346475856195532,0.8928905162786758,0.16344480790055999,lag0
-9.287836577826657e-15,0.9999999999999907,7.251781430526859e-09,-1.4213239715425573e-08,1.4213221139752417e-08,0.9999999857867603,1.0000000142132213,0.0,-1.280766204387916e-06,0.9999989780964195,1.4742959811968966e-06,lag2
-1.5113930939718045e-10,0.9999999998488607,2.1757438919910367e-08,-4.2794935988251554e-08,4.249265736945719e-08,0.999999957205065,1.0000000424926583,0.0,-0.006946557908471109,0.9944574932694463,0.008018388544246842,lag2
0.003396542652159982,1.0034023174394067,0.055272083702513845,-0.10493475075525044,0.1117278360595704,0.9003832699979851,1.1182084831996322,0.0,0.06145132270462065,0.9509997799486294,0.07248308762597981,lag2
-0.000130546330698659,0.9998694621901028,0.008747414860319084,-0.01727516441475453,0.017014071753357212,0.9828731956944796,1.0171596354440502,0.0,-0.014923989862520021,0.9880928209101074,0.01728152071234611,lag2
0.0005813965208767765,1.0005815655645929,0.015655337123395348,-0.030102500406810995,0.031265293448564546,0.9703460675842696,1.0317591865344946,0.0,0.03713727250293046,0.9703755533553389,0.0433848897476545,lag2
5.4770869458782165e-05,1.0000547723694102,0.0016382346854816948,-0.0031561101123096422,0.003265651851227207,0.9968488651676574,1.00327098990139,0.0,0.03343285912828645,0.9733294065068685,0.03899995205198883,lag2
0.00045897766604468046,1.0004590830124103,0.0051365282717775575,-0.009608432752211099,0.01052638808430046,0.9904375807473013,1.0105819854158034,0.0,0.08935561954686676,0.9287992927966933,0.10656122117558398,lag2
-0.0008925144885910384,0.999107883683998,0.011398653637014181,-0.023233465089385334,0.021448436112203255,0.9770343537313865,1.0216801071807087,0.0,-0.07829999200018047,0.937589423827789,0.09297179888707527,lag2
