Grantee,Disaster Type,Velocity_Trajectory_Cluster,Trajectory_Label
Alabama,2011 Multiple Disasters,0,Moderate
Alabama,2011-2013 Hurricane Sandy and Other Events,0,Moderate
Alabama,"2020 Hurricanes Laura, Delta and Zeta (LDZ)/2021 Hurricane Ida and Wildfires (IDF)",1,Fast-Consistent
Alaska,2018 Disasters,0,Moderate
American Samoa,2018 Disasters,0,Moderate
Arkansas,2008 Hurricane Ike and Other Events,0,Moderate
California,"2020 Hurricanes Laura, Delta and Zeta (LDZ)/2021 Hurricane Ida and Wildfires (IDF)",1,Fast-Consistent
California,2018 Disasters,1,Fast-Consistent
California,2015-2018 Mitigation,0,Moderate
California,2013 National Disaster Resilience,0,Moderate
California,"2017 Hurricanes Harvey, Irma and Maria",0,Moderate
"Chicago, IL",2011-2013 Hurricane Sandy and Other Events,0,Moderate
City of Birmingham,2011 Multiple Disasters,0,Moderate
Colorado,2011-2013 Hurricane Sandy and Other Events,0,Moderate
Colorado,"2020 Hurricanes Laura, Delta and Zeta (LDZ)/2021 Hurricane Ida and Wildfires (IDF)",0,Moderate
"Columbia, SC",2015-2018 Mitigation,0,Moderate
Connecticut - DOH,2011-2013 Hurricane Sandy and Other Events,1,Fast-Consistent
Connecticut - DOH,2013 National Disaster Resilience,0,Moderate
"Cook County, IL",2011-2013 Hurricane Sandy and Other Events,0,Moderate
County Of Orange,2011 Multiple Disasters,0,Moderate
"Dallas, TX","2020 Hurricanes Laura, Delta and Zeta (LDZ)/2021 Hurricane Ida and Wildfires (IDF)",0,Moderate
"Dauphin County, PA",2011 Multiple Disasters,0,Moderate
"Dauphin County, PA",2011-2013 Hurricane Sandy and Other Events,0,Moderate
"Dearborn, MI","2020 Hurricanes Laura, Delta and Zeta (LDZ)/2021 Hurricane Ida and Wildfires (IDF)",0,Moderate
"Detroit, MI","2020 Hurricanes Laura, Delta and Zeta (LDZ)/2021 Hurricane Ida and Wildfires (IDF)",0,Moderate
Empire State Development Corporation (NYS),2001 World Trade Center,0,Moderate
Florida,"2020 Hurricanes Laura, Delta and Zeta (LDZ)/2021 Hurricane Ida and Wildfires (IDF)",0,Moderate
Florida,2018 Disasters,1,Fast-Consistent
Florida,2022 Disasters including Hurricanes Fiona and Ian,1,Fast-Consistent
Florida,2015-2018 Mitigation,0,Moderate
Florida,"2017 Hurricanes Harvey, Irma and Maria",0,Moderate
Florida,2016 Louisiana Floods and Other Events,0,Moderate
"Fort Worth, TX","2020 Hurricanes Laura, Delta and Zeta (LDZ)/2021 Hurricane Ida and Wildfires (IDF)",0,Moderate
Georgia,2018 Disasters,0,Moderate
Georgia,2015-2018 Mitigation,2,Accelerating
Georgia,"2017 Hurricanes Harvey, Irma and Maria",1,Fast-Consistent
"Hawaii County, HI",2018 Disasters,0,Moderate
"Houston, TX",2015-2018 Mitigation,0,Moderate
"Houston, TX",2015 Hurricane Joaquin and Patricia and Other Events,0,Moderate
Illinois,2011-2013 Hurricane Sandy and Other Events,0,Moderate
Illinois,2008 Hurricane Ike and Other Events,0,Moderate
Indiana - OCRA,2008 Hurricane Ike and Other Events,0,Moderate
Iowa,"2020 Hurricanes Laura, Delta and Zeta (LDZ)/2021 Hurricane Ida and Wildfires (IDF)",0,Moderate
Iowa,2019 Disasters,0,Moderate
"Jefferson County, AL",2011 Multiple Disasters,0,Moderate
"Jefferson County, AL",2011-2013 Hurricane Sandy and Other Events,0,Moderate
"Jefferson Parish, LA",2011-2013 Hurricane Sandy and Other Events,0,Moderate
"Joplin, MO",2011 Multiple Disasters,0,Moderate
"Kauai County, HI",2018 Disasters,0,Moderate
Kentucky,"2020 Hurricanes Laura, Delta and Zeta (LDZ)/2021 Hurricane Ida and Wildfires (IDF)",0,Moderate
"Lake Charles, LA","2020 Hurricanes Laura, Delta and Zeta (LDZ)/2021 Hurricane Ida and Wildfires (IDF)",0,Moderate
"Lee County, FL",2022 Disasters including Hurricanes Fiona and Ian,0,Moderate
"Lexington County, SC",2015-2018 Mitigation,0,Moderate
Louisiana,2011-2013 Hurricane Sandy and Other Events,0,Moderate
Louisiana,"2020 Hurricanes Laura, Delta and Zeta (LDZ)/2021 Hurricane Ida and Wildfires (IDF)",0,Moderate
Louisiana,2015-2018 Mitigation,0,Moderate
Louisiana,2008 Hurricane Ike and Other Events,0,Moderate
Louisiana,2013 National Disaster Resilience,0,Moderate
Louisiana,2016 Louisiana Floods and Other Events,0,Moderate
Louisiana,"2005 Hurricanes Katrina, Rita, Wilma",0,Moderate
"Luzerne County, PA",2011 Multiple Disasters,0,Moderate
"Luzerne County, PA",2011-2013 Hurricane Sandy and Other Events,0,Moderate
Maryland,2011-2013 Hurricane Sandy and Other Events,0,Moderate
Michigan,"2020 Hurricanes Laura, Delta and Zeta (LDZ)/2021 Hurricane Ida and Wildfires (IDF)",0,Moderate
"Minot, ND",2011 Multiple Disasters,1,Fast-Consistent
"Minot, ND",2011-2013 Hurricane Sandy and Other Events,0,Moderate
"Minot, ND",2013 National Disaster Resilience,0,Moderate
Mississippi,"2020 Hurricanes Laura, Delta and Zeta (LDZ)/2021 Hurricane Ida and Wildfires (IDF)",0,Moderate
Missouri,2015-2018 Mitigation,0,Moderate
Missouri,"2017 Hurricanes Harvey, Irma and Maria",0,Moderate
Missouri,2019 Disasters,0,Moderate
"Moore, OK",2011-2013 Hurricane Sandy and Other Events,0,Moderate
"Nashville-Davidson, TN","2020 Hurricanes Laura, Delta and Zeta (LDZ)/2021 Hurricane Ida and Wildfires (IDF)",0,Moderate
Nebraska,2019 Disasters,0,Moderate
New Jersey,2011-2013 Hurricane Sandy and Other Events,0,Moderate
New Jersey,"2020 Hurricanes Laura, Delta and Zeta (LDZ)/2021 Hurricane Ida and Wildfires (IDF)",0,Moderate
New Jersey,2013 National Disaster Resilience,0,Moderate
"New Orleans, LA",2011-2013 Hurricane Sandy and Other Events,0,Moderate
"New Orleans, LA",2013 National Disaster Resilience,0,Moderate
New York,2011 Multiple Disasters,0,Moderate
New York,2011-2013 Hurricane Sandy and Other Events,0,Moderate
New York,"2020 Hurricanes Laura, Delta and Zeta (LDZ)/2021 Hurricane Ida and Wildfires (IDF)",0,Moderate
New York,2013 National Disaster Resilience,0,Moderate
"New York City, NY",2011-2013 Hurricane Sandy and Other Events,0,Moderate
"New York City, NY","2020 Hurricanes Laura, Delta and Zeta (LDZ)/2021 Hurricane Ida and Wildfires (IDF)",0,Moderate
"New York City, NY",2013 National Disaster Resilience,0,Moderate
North Carolina-NCORR,"2020 Hurricanes Laura, Delta and Zeta (LDZ)/2021 Hurricane Ida and Wildfires (IDF)",0,Moderate
North Carolina-NCORR,2018 Disasters,1,Fast-Consistent
North Carolina-NCORR,2015-2018 Mitigation,0,Moderate
Northern Mariana Islands,2018 Disasters,0,Moderate
Northern Mariana Islands,2015-2018 Mitigation,0,Moderate
Ohio,2019 Disasters,0,Moderate
Oklahoma,2011-2013 Hurricane Sandy and Other Events,0,Moderate
Oklahoma,2019 Disasters,1,Fast-Consistent
"Orange County, FL",2022 Disasters including Hurricanes Fiona and Ian,0,Moderate
Oregon,"2020 Hurricanes Laura, Delta and Zeta (LDZ)/2021 Hurricane Ida and Wildfires (IDF)",0,Moderate
Pennsylvania,2011 Multiple Disasters,0,Moderate
Pennsylvania,2011-2013 Hurricane Sandy and Other Events,1,Fast-Consistent
Pennsylvania,"2020 Hurricanes Laura, Delta and Zeta (LDZ)/2021 Hurricane Ida and Wildfires (IDF)",0,Moderate
Puerto Rico,"2020 Hurricanes Laura, Delta and Zeta (LDZ)/2021 Hurricane Ida and Wildfires (IDF)",0,Moderate
Puerto Rico,2015-2018 Mitigation,1,Fast-Consistent
Puerto Rico,"2017 Hurricanes Harvey, Irma and Maria",0,Moderate
Puerto Rico,Electrical Power Systems in Puerto Rico and the U.S. Virgin Islands,0,Moderate
Rhode Island,2011-2013 Hurricane Sandy and Other Events,1,Fast-Consistent
"Richland County, SC",2015 Hurricane Joaquin and Patricia and Other Events,1,Fast-Consistent
"San Marcos, TX",2015-2018 Mitigation,0,Moderate
"San Marcos, TX",2015 Hurricane Joaquin and Patricia and Other Events,0,Moderate
"Sarasota County, FL",2022 Disasters including Hurricanes Fiona and Ian,0,Moderate
"Shelby County, TN",2013 National Disaster Resilience,0,Moderate
South Carolina,2018 Disasters,0,Moderate
South Carolina,2015-2018 Mitigation,0,Moderate
"Springfield, MA",2011-2013 Hurricane Sandy and Other Events,0,Moderate
"Springfield, MA",2013 National Disaster Resilience,0,Moderate
St. Tammany Parish,2011-2013 Hurricane Sandy and Other Events,1,Fast-Consistent
Tennessee,2011-2013 Hurricane Sandy and Other Events,0,Moderate
Tennessee,2013 National Disaster Resilience,0,Moderate
Texas - GLO,2011 Multiple Disasters,0,Moderate
Texas - GLO,2018 Disasters,0,Moderate
Texas - GLO,2019 Disasters,0,Moderate
"Town of Union, NY",2011 Multiple Disasters,0,Moderate
"Tuscaloosa, AL",2011 Multiple Disasters,0,Moderate
"Tuscaloosa, AL",2011-2013 Hurricane Sandy and Other Events,0,Moderate
Virgin Islands,2015-2018 Mitigation,0,Moderate
Virgin Islands,"2017 Hurricanes Harvey, Irma and Maria",0,Moderate
Virginia,2013 National Disaster Resilience,0,Moderate
"Volusia County, FL",2022 Disasters including Hurricanes Fiona and Ian,0,Moderate
Washington,"2020 Hurricanes Laura, Delta and Zeta (LDZ)/2021 Hurricane Ida and Wildfires (IDF)",0,Moderate
West Virginia,2015-2018 Mitigation,0,Moderate
West Virginia,2016 Louisiana Floods and Other Events,0,Moderate
Wisconsin,2018 Disasters,0,Moderate
rogco,2018 Disasters,0,Moderate
