Grantee,Disaster Type,Expenditure_Velocity,Expenditure_TV_Mean,Expenditure_TV_Std,Expenditure_TV_Count,Expenditure_TV_Min,Expenditure_TV_Max,Expenditure_TV_Lag1_Mean,Expenditure_TV_Lag1_Std,Expenditure_TV_Lag1_Count
Alabama,2011 Multiple Disasters,0.029405739446676547,2.940573944667655,4.1191058250482895,34,-1.6377481666625893,16.138620699081663,3.0296715087413184,4.149567840998894,33
Alabama,2011-2013 Hurricane Sandy and Other Events,0.02833435464467509,2.7063487852665293,5.982035052930926,35,-4.930404424007762,20.6535427462687,2.7822011207321355,6.054886627435122,34
Alabama,"2020 Hurricanes Laura, Delta and Zeta (LDZ)/2021 Hurricane Ida and Wildfires (IDF)",0.0711508892778372,7.051832503484279,10.79630999114242,10,-1.3175203714032684,30.9435745338412,7.835369448315865,11.145565664599157,9
Alaska,2018 Disasters,0.048122155077847666,4.812215507784766,9.120697100090622,12,-7.747652254675966,26.603929946513283,5.249689644856108,9.432897930050885,11
Alaska,2022 Disasters including Hurricanes Fiona and Ian,0.0008795755072350817,0.08795755072350817,0.12439076114630469,2,0.0,0.17591510144701633,0.17591510144701633,,1
American Samoa,2018 Disasters,0.0021944531322664056,0.21944531322664076,13.263836328568164,7,-25.015763357784625,19.622948912713223,0.21943652068232153,14.529804712404228,6
Arkansas,2008 Hurricane Ike and Other Events,0.01873807841617395,1.8738078416173953,7.83002676101312,48,-0.24726216116677247,52.80611435516457,1.9136760935667014,7.90975200980478,47
"Baton Rouge, LA","2020 Hurricanes Laura, Delta and Zeta (LDZ)/2021 Hurricane Ida and Wildfires (IDF)",0.0,0.0,,1,0.0,0.0,,,0
California,2013 National Disaster Resilience,0.02943793130927854,2.9060013572565535,4.366645469537912,30,-6.1355302727377765,13.936292750515388,3.0062083006102274,4.408693285676258,29
California,2015-2018 Mitigation,0.010560974345093559,1.056097434509356,4.216836038608404,17,-8.095347967920263,7.724250146892656,1.1221035241661907,4.346049916655967,16
California,"2017 Hurricanes Harvey, Irma and Maria",0.03079441117965252,3.079441117965252,18.11452895084045,20,-24.397320518157247,61.92326725,3.2415169662792125,18.596004592497458,19
California,2018 Disasters,0.013100283338117635,-1.314808878083955,13.949185010357414,16,-38.128125167169046,28.24963731387174,-1.4093641613798316,14.433469705647704,15
California,"2020 Hurricanes Laura, Delta and Zeta (LDZ)/2021 Hurricane Ida and Wildfires (IDF)",0.0060292065586618395,0.6026894792427775,0.9599085633379363,8,0.0,2.773204812349215,0.68878797627746,1.0028996196907543,7
California,"Storms, Flooding, and Other Disasters in California, Alabama, and Georgia",0.0,0.0,,1,0.0,0.0,,,0
"Chicago, IL",2011-2013 Hurricane Sandy and Other Events,0.035312101874557855,3.5312101874557857,10.913786437147214,26,-11.452727132791217,44.86755925218665,3.672458594954017,11.1145552780426,25
City of Birmingham,2011 Multiple Disasters,0.031774698267318845,3.029830002188603,14.006546341573786,18,-41.2026189458276,26.616689117498616,3.209605750791326,14.416195482994777,17
City of Birmingham,2011-2013 Hurricane Sandy and Other Events,0.029990463350367452,2.9990463350367453,18.69632508642155,29,-42.78933384958514,64.33766483769206,3.106155132716629,19.030342735935363,28
Colorado,2011-2013 Hurricane Sandy and Other Events,0.026237263023913895,2.604660652453487,6.680053268680871,38,-14.534814931577134,28.410597841683376,2.6750568863035813,6.757891511379057,37
Colorado,"2020 Hurricanes Laura, Delta and Zeta (LDZ)/2021 Hurricane Ida and Wildfires (IDF)",0.0,0.0,0.0,4,0.0,0.0,0.0,0.0,3
"Columbia, SC",2015 Hurricane Joaquin and Patricia and Other Events,0.023305244356955714,2.0231721248296313,10.299418102630769,27,-37.90905399084388,26.763873316701396,2.100986437323079,10.495289776615262,26
"Columbia, SC",2015-2018 Mitigation,0.0012020915792305624,0.12020915792305624,0.22678069684245283,10,0.0,0.6675797686306162,0.13356573102561806,0.23632856791159673,9
Connecticut - DOH,2011-2013 Hurricane Sandy and Other Events,0.023983473363966352,-3.6911078857820216,22.522609899657805,41,-110.30230548218066,43.91188517294932,-3.7836072056273578,22.801645365757313,40
Connecticut - DOH,2013 National Disaster Resilience,0.03945111948355435,6.065313629122215e-06,0.07823992723260302,25,-0.2952848488206983,0.20984886552081194,6.5317972734272684e-06,0.07992269879189738,24
"Cook County, IL",2011-2013 Hurricane Sandy and Other Events,0.023970419675540124,2.227567107729935,12.219227791832221,36,-29.298751064881678,49.91215530639048,2.2912118822365044,12.391564547491765,35
County Of Orange,2011 Multiple Disasters,0.03509085723471666,3.509085723471666,17.975280828399875,27,-11.51778937822188,91.03996175373544,3.644050558989807,18.317304885341276,26
"Dallas, TX","2020 Hurricanes Laura, Delta and Zeta (LDZ)/2021 Hurricane Ida and Wildfires (IDF)",0.02295495884846344,2.295495884846344,14.18180733531835,2,-7.732556251438383,12.32354802113107,12.32354802113107,,1
"Dauphin County, PA",2011 Multiple Disasters,0.030897223270410352,2.2369155433982812,20.119957647251606,30,-10.283017518382046,107.80167315312559,2.314050562136153,20.471575974313144,29
"Dauphin County, PA",2011-2013 Hurricane Sandy and Other Events,0.05224063525990845,-32.33138537765314,136.20392261148177,13,-480.2471633883892,73.7330481605151,-35.02567407689309,141.89806473414677,12
"Dearborn, MI","2020 Hurricanes Laura, Delta and Zeta (LDZ)/2021 Hurricane Ida and Wildfires (IDF)",0.0,0.0,,1,0.0,0.0,,,0
"Detroit, MI","2020 Hurricanes Laura, Delta and Zeta (LDZ)/2021 Hurricane Ida and Wildfires (IDF)",0.01635568376522608,1.635568376522608,2.5415764839653217,3,-0.047391498536316495,4.559197580567745,2.47704831405207,2.9446037315916596,2
Empire State Development Corporation (NYS),2001 World Trade Center,0.009322340836933249,0.07869830892866607,3.091075649318906,91,-19.08446545914616,6.4590840561900675,0.07957273458342902,3.108381417103789,90
Florida,2015-2018 Mitigation,0.006183243610686838,0.6183243610686836,8.07448190514266,17,-28.445582661545377,10.16691402561236,0.6569696336354763,8.337665173794802,16
Florida,2016 Louisiana Floods and Other Events,0.031292276061127264,3.0677322585718043,9.105540890143022,29,-35.34862116712987,23.08729838726802,3.2858427554994605,9.195159515454012,28
Florida,"2017 Hurricanes Harvey, Irma and Maria",0.03482133428661798,3.454694662338911,5.2855083173306765,26,-5.994668215427479,15.57382044041099,3.5924702579339924,5.34663671437579,25
Florida,2018 Disasters,0.025620642882905942,2.5620642882905944,7.382808171553767,17,-16.53893225467317,12.617503111959472,2.6972405528528616,7.603172805467915,16
Florida,"2020 Hurricanes Laura, Delta and Zeta (LDZ)/2021 Hurricane Ida and Wildfires (IDF)",0.0005874827314466449,-0.3859813544513695,2.648329948909772,9,-7.318459446339316,1.476516619972338,-0.4342290237577907,2.8269521154064585,8
Florida,2022 Disasters including Hurricanes Fiona and Ian,0.02381005948421819,2.381005948421819,1.805903434056439,4,0.0,4.383986768176515,3.1746745978957587,1.0547375354838449,3
"Fort Worth, TX","2020 Hurricanes Laura, Delta and Zeta (LDZ)/2021 Hurricane Ida and Wildfires (IDF)",0.005253912438944301,0.5253912438944303,8.589333800187603,3,-7.789187069487371,9.365360801170661,4.682680400585331,6.6223101307664525,2
Georgia,2015-2018 Mitigation,0.04993543671612945,4.9841630398947245,4.462139992270957,15,0.0,13.551963963099457,5.3401746856014904,4.403961547500138,14
Georgia,"2017 Hurricanes Harvey, Irma and Maria",0.024305647515734684,2.3893410446969123,7.104324501396316,22,-23.396641315580425,15.49848483244979,2.50311918968248,7.259198143129389,21
Georgia,2018 Disasters,0.010451523229039687,1.0441341642456934,1.8704714357622523,15,-3.5265446378267757,5.5439117024688676,1.1187151759775287,1.9177951834320406,14
"Hawaii County, HI",2015-2018 Mitigation,0.0,0.0,0.0,2,0.0,0.0,0.0,,1
"Hawaii County, HI",2018 Disasters,0.05803571532535689,5.803571532535689,9.126284833430855,14,-12.300707090454011,24.464011858448032,6.250000111961511,9.338476189327793,13
"Houston, TX",2015 Hurricane Joaquin and Patricia and Other Events,0.023756484465253913,2.3120606969307507,3.084599545478523,32,-3.953404618233522,12.857265623998648,2.386643300057549,3.106119341253646,31
"Houston, TX",2015-2018 Mitigation,0.027149345578437043,2.4328751930376398,6.0377160616151855,11,-9.03677690070682,17.058682067037783,2.676162712341404,6.307221456671464,10
Illinois,2008 Hurricane Ike and Other Events,0.0188450504740705,1.88450504740705,11.446104157190314,45,-57.262208092037845,42.50253157174347,1.927334707575392,11.57478529070491,44
Illinois,2008 Midwest Floods,0.027326525449742817,2.7326525449742816,11.490458839701454,33,-43.97040752506779,32.56031324048228,2.818047937004728,11.663673788019087,32
Illinois,2011-2013 Hurricane Sandy and Other Events,0.0,0.0,0.0,11,0.0,0.0,0.0,0.0,10
Indiana - OCRA,2008 Hurricane Ike and Other Events,0.016666666666666666,1.6666666666666672,12.502574098136503,60,-52.42212784463506,67.15538491054765,1.694915254237288,12.607962951032432,59
Iowa,2019 Disasters,0.04230502605834455,4.096184856799766,7.828886106403876,16,-18.586330820047557,20.74965944018877,4.362509519807142,8.028293479649761,15
Iowa,"2020 Hurricanes Laura, Delta and Zeta (LDZ)/2021 Hurricane Ida and Wildfires (IDF)",0.019933298152461067,1.9355716115706583,2.5859695857891154,8,-0.36908927361129507,7.348833702356522,2.2126163524323186,2.661843306739224,7
"Jefferson County, AL",2011 Multiple Disasters,0.023975216324537484,2.2343310540369488,12.443541726300284,39,-55.14898598588758,24.84405927093428,2.2912309308243484,12.605433887424681,38
"Jefferson County, AL",2011-2013 Hurricane Sandy and Other Events,0.024172294758674346,2.4172294758674346,5.564031485766616,39,-15.359315456705014,17.257125745376822,2.480840777863946,5.624329871870381,38
"Jefferson Parish, LA",2011-2013 Hurricane Sandy and Other Events,0.00723419932100963,0.7234199321009633,21.409569465881603,28,-60.16326378172012,34.558617996196375,0.7502132629195175,21.816929054909966,27
"Joplin, MO",2011 Multiple Disasters,0.01897917252377135,1.4543789017354989,343.73610701255,48,-1019.1955273338427,1933.4591,1.485323133687318,347.45221345475835,47
"Kauai County, HI",2018 Disasters,0.014273011115954665,1.4273011115954666,1.4248160909189442,16,0.0,6.271521904969486,1.5224545190351644,1.4212296578956518,15
Kentucky,"2020 Hurricanes Laura, Delta and Zeta (LDZ)/2021 Hurricane Ida and Wildfires (IDF)",0.011544427924640175,1.1544427924640175,2.308885584928035,4,0.0,4.61777116985607,1.53925705661869,2.666071427972495,3
Kentucky,2022 Disasters including Hurricanes Fiona and Ian,0.0,0.0,,1,0.0,0.0,,,0
"Lake Charles, LA","2020 Hurricanes Laura, Delta and Zeta (LDZ)/2021 Hurricane Ida and Wildfires (IDF)",0.012296673500563618,1.1162158678312233,2.401449670900553,2,-0.5818654791407606,2.814297214803207,2.814297214803207,,1
"Lee County, FL",2022 Disasters including Hurricanes Fiona and Ian,0.013348543873211417,0.7224893180503712,2.9771903186511173,4,-2.3496201050600454,3.500627808367941,1.3958309317967863,3.2519470655884226,3
"Lexington County, SC",2015 Hurricane Joaquin and Patricia and Other Events,0.026343713254939845,2.6343713254939845,4.317328544023814,31,-9.107635659188752,12.579265869262482,2.7221837030104505,4.36288630350228,30
"Lexington County, SC",2015-2018 Mitigation,0.026201084458347047,2.6201084458347053,5.198394414503352,16,0.0,19.165762265393475,2.7947823422236855,5.332025442764053,15
Louisiana,"2005 Hurricanes Katrina, Rita, Wilma",0.013398967036687876,0.9848227767120609,6.3561143960961495,74,-18.51859582215711,37.703012791371386,0.998366867792591,6.3990265426392945,73
Louisiana,2008 Hurricane Ike and Other Events,0.016019994787677284,1.3321529283535982,10.269287364765779,62,-27.79937077039084,70.72234445333369,1.3538276081433775,10.35308109486628,61
Louisiana,2011-2013 Hurricane Sandy and Other Events,0.022727272727272728,2.272727272727273,13.584293868797777,44,-26.56636787765044,81.04036724723676,2.322869354471982,13.740939695664682,43
Louisiana,2013 National Disaster Resilience,0.03010126306528546,2.8438958837914745,12.347856105358826,31,-23.58580581101421,49.38069416341276,2.9386924132511902,12.547467359098523,30
Louisiana,2015-2018 Mitigation,0.010277773416693607,1.0277773416693607,2.3593671443518147,18,-6.330794085667396,5.062155628437037,1.0882348323557938,2.4175654511342293,17
Louisiana,2016 Louisiana Floods and Other Events,0.029489627486552625,2.9489627486552625,2.7856502338074938,31,-2.675806509709955,11.072623808707634,3.047261506943771,2.7780491547745494,30
Louisiana,"2020 Hurricanes Laura, Delta and Zeta (LDZ)/2021 Hurricane Ida and Wildfires (IDF)",0.03829165658059496,3.8291656580594964,6.605352273635549,9,-8.318042250271745,12.672708206561122,4.307811365316933,6.892543651647964,8
"Luzerne County, PA",2011 Multiple Disasters,0.020040955483418707,1.877216913960807,3.0968199972816084,49,-4.448986756797973,10.640841569281639,1.9163255996683237,3.1173391468635114,48
"Luzerne County, PA",2011-2013 Hurricane Sandy and Other Events,0.0761530002706334,7.605199420066667,8.019911393585073,13,0.06630141477202978,19.827533741060567,8.233440920507887,8.035469740201949,12
Maryland,2011-2013 Hurricane Sandy and Other Events,0.02700489164006385,0.34118746208322026,10.662983359851943,35,-27.70476361002141,24.2521585682388,0.2521641133258914,10.810127608533636,34
Michigan,"2020 Hurricanes Laura, Delta and Zeta (LDZ)/2021 Hurricane Ida and Wildfires (IDF)",0.0,0.0,0.0,4,0.0,0.0,0.0,0.0,3
"Minot, ND",2011 Multiple Disasters,0.02104086916251748,-1.2332246369918949,8.20017964240646,46,-55.61286909025214,0.4630057582069691,-1.2606296289250483,8.290709392325391,45
"Minot, ND",2011-2013 Hurricane Sandy and Other Events,0.03389352019486897,1.5313421029312504e-17,2.004115496716156,29,-7.89800916907496,6.321482749852015,1.586032892321652e-17,2.0408913255857346,28
"Minot, ND",2013 National Disaster Resilience,0.03076228331948483,0.0,3.5920879863142816,32,-9.108916542931834,9.108916542931834,0.0,3.6514653640427936,31
Mississippi,"2005 Hurricanes Katrina, Rita, Wilma",0.013380217393575592,0.412506912352754,140.41892757959565,74,-813.4239370069565,858.9304856180363,0.41815769197402464,141.3906879868849,73
Mississippi,"2020 Hurricanes Laura, Delta and Zeta (LDZ)/2021 Hurricane Ida and Wildfires (IDF)",0.005005131679054524,0.49225579374181144,0.460505408311649,7,-0.04707937917987364,1.0285502062697782,0.5742984260321133,0.44490215979573766,6
Missouri,2015-2018 Mitigation,0.036706538837998015,3.6671172296409513,2.286478742200955,14,0.15145521109073412,8.936427622736993,3.9375527695294297,2.134111175568777,13
Missouri,"2017 Hurricanes Harvey, Irma and Maria",0.02481688785046551,2.0653343396844184,11.654630831214469,21,-31.252552311564653,26.600242804255743,2.2010849059758875,11.940352955669951,20
Missouri,2019 Disasters,0.009695510308439214,0.9695510308439215,1.141036491443374,8,0.0,3.6521921843861014,1.1080583209644816,1.1575427160088976,7
"Moore, OK",2011-2013 Hurricane Sandy and Other Events,0.02699499938271605,0.8436627068578504,15.944495270469892,36,-64.5974118682892,55.99913733833497,0.8671082149574563,16.17664430983959,35
"Nashville-Davidson, TN",2010 Severe Storms and Flooding,0.01948268945002191,-4.174959879530269,36.5383429797823,47,-245.66345037029117,11.663481927934354,-4.265719876911362,36.93673695063977,46
"Nashville-Davidson, TN","2020 Hurricanes Laura, Delta and Zeta (LDZ)/2021 Hurricane Ida and Wildfires (IDF)",0.008653774208822988,0.8653774208822989,1.3879903896520984,3,0.0,2.4663378297467684,1.2980661313234483,1.6521856804469097,2
Nebraska,2019 Disasters,0.020657428854944367,-24.47269549809539,46.674555029068074,6,-114.8647139044184,4.245560930723655,-29.36740836192855,50.43268785030772,5
New Jersey,2011-2013 Hurricane Sandy and Other Events,0.019118824603156948,1.911882460315695,7.976190003379335,47,-33.03357443929394,19.306469871305783,1.953676437888092,8.059122472459821,46
New Jersey,2013 National Disaster Resilience,0.030410404933333333,3.0410404933333335,3.8608836844158745,30,-9.550477253933442,12.282214720600109,3.1459039586206896,3.8855016250284717,29
New Jersey,"2020 Hurricanes Laura, Delta and Zeta (LDZ)/2021 Hurricane Ida and Wildfires (IDF)",0.012602304994592682,1.2394129595217087,0.8914444571378323,6,0.0,2.3871963715818043,1.4872955514260504,0.7297247288759628,5
"New Orleans, LA",2011-2013 Hurricane Sandy and Other Events,0.031000873598848164,1.2059613546152377,17.90306131398994,36,-44.264231734696644,58.39589044434474,1.24041739331853,18.163222585113623,35
"New Orleans, LA",2013 National Disaster Resilience,0.006902178534278298,0.6902178534278297,0.490928694169916,31,0.0,2.21705185437418,0.7132251152087574,0.48202334951138837,30
New York,2011 Multiple Disasters,0.030297315482409215,3.0297315482409215,14.118388209342339,33,-5.480729703193177,77.47660727365573,3.1249999999999996,14.333515879931038,32
New York,2011-2013 Hurricane Sandy and Other Events,0.021680150531852467,2.168015053185247,12.517788192338164,46,-2.1392163932242414,84.77373069449902,2.2156749484883282,12.655015194700848,45
New York,2013 National Disaster Resilience,0.04,4.0,26.58508539725449,25,-36.62414790498285,124.77436525265466,4.166666666666668,27.143528099824284,24
New York,"2020 Hurricanes Laura, Delta and Zeta (LDZ)/2021 Hurricane Ida and Wildfires (IDF)",0.0,-23.177766638818966,5.84599523193233,2,-27.31150951010254,-19.04402376753539,-19.04402376753539,,1
"New York City, NY",2011-2013 Hurricane Sandy and Other Events,0.021921737598550147,2.192173759855015,17.840134789294495,44,-26.904415831362115,109.58683075567555,2.2431640764583296,18.04802348792668,43
"New York City, NY",2013 National Disaster Resilience,0.0017840937147794388,-4.300560988348115,17.386551591198668,13,-59.10697214324555,13.982599649597615,-4.6589410707104575,18.109440166501923,12
"New York City, NY","2020 Hurricanes Laura, Delta and Zeta (LDZ)/2021 Hurricane Ida and Wildfires (IDF)",0.008200824157782937,0.8200824157782938,1.165039883812414,3,0.0,2.153658438588931,1.2301236236674407,1.306075460585698,2
North Carolina-NCORR,2015-2018 Mitigation,0.012274349200098938,1.2206470621637413,14.533371187333044,18,-47.32340872890055,16.58720817273833,2.354683098492935,14.135932453484255,17
North Carolina-NCORR,2016 Louisiana Floods and Other Events,0.03608301203105035,3.566599324565906,8.63388119097149,26,-14.802118311086087,33.586058268130635,3.8606307806055877,8.678042663704355,25
North Carolina-NCORR,2018 Disasters,0.05711848149984438,5.536869053830506,12.772323219818901,16,-24.920588933723597,25.564286433948492,5.905993657419206,13.131975406179354,15
North Carolina-NCORR,"2020 Hurricanes Laura, Delta and Zeta (LDZ)/2021 Hurricane Ida and Wildfires (IDF)",0.00015358934809401917,0.015358934809401925,0.32348015634940624,6,-0.4640047063215116,0.5561583151779231,0.01843072177128231,0.3615639575182399,5
Northern Mariana Islands,2015-2018 Mitigation,0.003960222736873803,0.5289635437347036,0.7984264204484863,5,0.004758005021542923,1.8855919531322651,0.6317133878531845,0.8829474099388724,4
Northern Mariana Islands,2018 Disasters,0.016456967274773495,-0.975829865865948,10.507228602979245,15,-38.36818207359124,4.197491021561656,-0.992958561244589,10.903649101423248,14
Ohio,2019 Disasters,0.011366700663686849,1.3640040796424215,1.3833437570372047,5,0.0,3.637122633075985,1.3296616212921575,1.5948847096916277,4
Oklahoma,2011-2013 Hurricane Sandy and Other Events,0.023727092516180152,1.976287977797551,4.150544028608804,42,-7.530816535030286,13.613811161214928,2.0244901235974915,4.1901869575765724,41
Oklahoma,2019 Disasters,0.011706602692857084,1.1227815245730584,3.8566309315322025,14,-10.874445784183928,5.24682567761271,1.2977226738092693,3.955869331448889,13
"Orange County, FL",2022 Disasters including Hurricanes Fiona and Ian,0.0639952425925926,6.399524259259259,22.509502930771024,3,-12.217273585858585,31.415846363636362,9.599286388888888,30.853275000613905,2
Oregon,"2020 Hurricanes Laura, Delta and Zeta (LDZ)/2021 Hurricane Ida and Wildfires (IDF)",0.014848778274363546,0.7530257516456552,18.462055905214836,6,-33.23333184200206,21.411359805984972,1.359315797512728,20.574315982827137,5
Pennsylvania,2011 Multiple Disasters,0.018906128708808142,1.8906128708808139,9.160324484941869,47,-37.567328950117165,34.39218672152266,1.9317131506825707,9.257164112246668,46
Pennsylvania,2011-2013 Hurricane Sandy and Other Events,0.029220068729753055,2.867322111253764,6.310678940163995,34,-12.36973470063547,23.312879143690747,2.891820613404674,6.406882696753252,33
Pennsylvania,"2020 Hurricanes Laura, Delta and Zeta (LDZ)/2021 Hurricane Ida and Wildfires (IDF)",0.11138610958243804,11.138610958243804,15.69059688345803,2,0.04368350108612251,22.233538415401487,22.233538415401487,,1
"Philadelphia, PA","2020 Hurricanes Laura, Delta and Zeta (LDZ)/2021 Hurricane Ida and Wildfires (IDF)",0.04548074956600319,4.548074956600319,0.0,2,4.548074956600319,4.548074956600319,4.548074956600319,,1
Puerto Rico,2008 Hurricane Ike and Other Events,0.01709392263077679,1.6691111246030303,4.379452892125526,53,-4.03335595872819,27.044928078676257,1.7012094154607809,4.415880631701814,52
Puerto Rico,2015-2018 Mitigation,0.004135054303501417,-6.729350231156745,26.16704136355728,14,-91.6968502859519,19.146920259924187,-7.213618290432439,27.170144257528374,13
Puerto Rico,"2017 Hurricanes Harvey, Irma and Maria",0.01920349898717787,1.9054604673640378,2.499470369626828,24,-5.958615971495698,5.705202615389743,2.0219651375588574,2.4881228437679717,23
Puerto Rico,"2020 Hurricanes Laura, Delta and Zeta (LDZ)/2021 Hurricane Ida and Wildfires (IDF)",0.007268069999100114,-3.5673765290029253,35.25912278806689,11,-96.13903279360898,52.76312002302598,-3.9111133263330258,37.146945962992724,10
Puerto Rico,Electrical Power Systems in Puerto Rico and the U.S. Virgin Islands,0.000675531210618329,-11.043297934411628,32.31748349708187,9,-96.76780296763846,5.506954884448429,-12.423710176213081,34.264015242455514,8
Rhode Island,2011-2013 Hurricane Sandy and Other Events,0.03023028217808439,2.743255900441579,5.822083453073932,33,-10.166774486123032,20.05160623895219,2.828019357155931,5.894518472413638,32
"Richland County, SC",2015 Hurricane Joaquin and Patricia and Other Events,0.04045992636007938,-0.4730674869923023,4.48675379736026,22,-12.925756858599001,12.136301109262437,-0.4955945101824119,4.596279488625347,21
"Richland County, SC",2015-2018 Mitigation,0.0,-33.302841809976826,56.89722137589765,3,-99.0,0.0,-49.5,70.0035713374682,2
"San Marcos, TX",2015 Hurricane Joaquin and Patricia and Other Events,0.030525829187839637,-0.15097793185152314,16.17174719848739,31,-81.60389467704589,13.72670033734046,-0.27478668411222057,16.43325750958827,30
"San Marcos, TX",2015-2018 Mitigation,0.04372523068589144,4.311579716513448,5.964835208938705,15,-1.5525140508476594,17.882668374146267,4.618049856024369,6.066209044501166,14
"Sarasota County, FL",2022 Disasters including Hurricanes Fiona and Ian,0.003941936032560823,0.39419360325608227,5.046631605917817,3,-4.443781503064425,5.626362312832672,0.5912904048841234,7.120666979744613,2
"Shelby County, TN",2013 National Disaster Resilience,0.024097568160663604,2.4097611342158807,2.7782080859178437,31,0.0,12.128590213114943,2.49008650535641,2.7888490480924286,30
South Carolina,2015-2018 Mitigation,0.0220876201200834,-4.923422910470909,27.279358008663227,14,-98.35258763520794,16.026440032824997,-5.075767241409186,28.38705669406082,13
South Carolina,2018 Disasters,0.0590761740583757,4.798503996845581,10.62105475184365,15,-11.030353443862296,24.04488190592213,5.1412542885064445,10.935562756692182,14
"Springfield, MA",2011-2013 Hurricane Sandy and Other Events,0.02232283909525988,0.8795689800763666,7.436815367052555,38,-31.66136930837535,15.171303739074126,0.9030780531817417,7.537965354253944,37
"Springfield, MA",2013 National Disaster Resilience,0.03257559751060373,3.257559748585487,5.779311322625525,30,-0.011323208114755179,30.338231044495306,3.369889395088435,5.848183861863121,29
"St. Clair County, IL",2022 Disasters including Hurricanes Fiona and Ian,0.0,0.0,,1,0.0,0.0,,,0
St. Tammany Parish,2011-2013 Hurricane Sandy and Other Events,0.019562217594545097,1.9562217594545097,8.661172220136274,33,-8.984831138120958,47.108444810752545,2.017353689437463,8.79252348098846,32
Tennessee,2011-2013 Hurricane Sandy and Other Events,0.03724722744649899,3.724722744649899,19.806556981426223,27,-7.422852510692257,102.38411067868401,3.73301521689812,20.198756311043702,26
Tennessee,2013 National Disaster Resilience,0.03419033128714614,3.419033128714614,14.265167510439232,29,-17.70004972836796,54.29534975811007,3.541081943358655,14.511508374699467,28
Texas - GLO,2008 Hurricane Ike and Other Events,0.015429656810938113,1.3214810589457573,3.8348102645477997,63,-19.4891502430529,9.137438209057958,1.3426478873560586,3.862403274166829,62
Texas - GLO,2011 Multiple Disasters,0.020432747300948316,2.03870064206803,3.2822170328084472,47,-1.2196797504724521,14.492767594436328,2.08293713150189,3.3042897756724763,46
Texas - GLO,2015 Hurricane Joaquin and Patricia and Other Events,0.030022061106622987,0.8984084011074142,15.41315863610065,31,-66.38269703689392,34.64453180926701,0.8244245697524798,15.671050973115236,30
Texas - GLO,2015-2018 Mitigation,0.013945317919931723,1.3913212465133324,1.1265502022474572,16,-0.8829347620405825,3.348843131283208,1.54293831375026,0.982695780353728,15
Texas - GLO,2016 Louisiana Floods and Other Events,0.030893091731106895,3.0893091731106894,2.312755222630583,27,-0.7993890898955234,8.3314659573001,3.20812875669187,2.2729615317322254,26
Texas - GLO,"2017 Hurricanes Harvey, Irma and Maria",0.03171213184762205,2.3858552161302025,8.012023731328226,26,-23.450856382832082,21.151195753246753,2.4684261651657304,8.16593899409859,25
Texas - GLO,2018 Disasters,0.03834862756532831,3.739873758399573,3.805036342442179,14,-0.8503907333936467,11.07626525260947,4.092971026999052,3.714011560026837,13
Texas - GLO,2019 Disasters,0.03773984452744067,3.6385783894201142,3.6228872876431706,14,-0.7770039564189646,13.56519106558594,3.978238569869274,3.5311930813973573,13
"Town of Union, NY",2011 Multiple Disasters,0.023097273576020337,2.3012965248619786,3.5256356013789696,40,-2.370033754000278,16.84930984532771,2.360304128063568,3.5516578399804444,39
"Tuscaloosa, AL",2011 Multiple Disasters,0.0190712673707453,-0.3034918421635421,18.229479355046152,45,-90.14694214513541,57.3642107855028,-0.4632266820002433,18.40834760009342,44
"Tuscaloosa, AL",2011-2013 Hurricane Sandy and Other Events,0.02612958859275631,-0.00809600029449265,12.378076922314865,38,-52.09071130652734,41.22282150076985,-0.04591980872260539,12.546590601949077,37
Virgin Islands,2015-2018 Mitigation,0.0001899316675960868,0.018993166759608684,0.12785679646429712,3,-0.09830459166827164,0.1552840919470977,0.07764204597354885,0.10980243442618813,2
Virgin Islands,"2017 Hurricanes Harvey, Irma and Maria",0.0220303096523208,2.20303096523208,10.585214339647127,23,-27.090872336981676,33.1730496359557,2.3031687363789928,10.823156008153841,22
Virginia,2013 National Disaster Resilience,0.0332462360257378,3.298343028602263,10.828026224505537,30,-49.129401257348576,15.37712267434071,3.412078995105789,11.0014352938155,29
"Volusia County, FL",2022 Disasters including Hurricanes Fiona and Ian,0.0,0.0,0.0,3,0.0,0.0,0.0,0.0,2
Washington,"2020 Hurricanes Laura, Delta and Zeta (LDZ)/2021 Hurricane Ida and Wildfires (IDF)",0.0,0.0,0.0,8,0.0,0.0,0.0,0.0,7
West Virginia,2015-2018 Mitigation,0.0036355467717385914,0.003657615116894708,1.8322521187548015,15,-6.34567203940194,1.5375195581828722,0.0039188733395300445,1.9014175934288537,14
West Virginia,2016 Louisiana Floods and Other Events,0.031096871577443487,3.1096871577443483,3.0688735136812335,29,-5.412544327464463,8.377433738866735,3.2239827578471365,3.06168690388617,28
Wisconsin,2018 Disasters,0.06057450338114102,6.445242969941017,7.212308801084003,15,0.0,21.16273122688898,6.905617467793946,7.252242056258359,14
