Grantee,state_level,z_avg_employment,z_avg_payroll,z_rev_programs_per_staff,z_rev_disasters_per_staff,z_Ratio_disbursed_to_obligated,z_Ratio_expended_to_disbursed,z_Ratio_obligated_funds_fully_expended,z_Ratio_Program_Completed,z_rev_Duration_of_completion,z_rev_Average_Duration_Program_Completion,z_E_TOTPOP,z_SPL_THEME1,z_SPL_THEME2,z_SPL_THEME3,z_SPL_THEME4
AK,1,1.8748530543193895,3.332862978562803,0.7177221217281106,1.1975079824845158,-2.2353610169614244,-0.3136084152821565,-2.787443453550028,-3.3042974668121206,0.8734996583612512,1.2796144791317985,-0.20359138330739338,-0.8710239180208225,-0.585630054277661,0.6805718698947446,0.806214495929171
AL,1,-0.2844998623459981,-0.2353928642423137,0.717722077644213,1.1975079371600914,-0.09556443891088472,-0.09793179889815119,-0.5207652812818815,-0.5965946552895279,0.4765954444220843,-0.3145879059863446,0.6699268113460227,0.585495234103117,0.3356166593005416,0.4782544568908056,0.061212080831996314
"Acadia Parish, LA",0,-0.420421510606961,-0.4385213263220568,0.1535591677712554,-1.4830064985334581,0.841195761928567,-0.07449838806624594,0.5686675225880058,0.4187938990314442,1.2689570768668608,-0.1618951632256826,-0.3444815238198258,1.7877727478281076,1.9257907517220683,0.24634751193611104,0.8724631760704255
"Adams County, IN",0,-0.420421510606961,-0.4385213263220568,0.43564064645711187,-0.1427492499119432,-0.048674468333799945,-1.432226974814882,0.5686675225880058,0.4187938990314442,0.9164212562234454,0.4556371100794297,-0.35745368891316404,0.6818990786925869,-0.4643370849055328,-0.4181542603287621,0.8678723654421344
"Allen Parish, LA",0,-0.420421510606961,-0.4385213263220568,0.1535591677712554,-1.4830064985334581,1.6551954490329899,-0.07449838806624594,0.5686675225880058,0.4187938990314442,1.4449838546163092,-0.36755144037565163,-0.35745368891316404,1.2108585796076465,0.792136504207889,0.6714567126574692,1.565645378241057
"Ascension Parish, LA",0,-0.420421510606961,-0.4385213263220568,0.43564064645711187,-0.1427492499119432,-0.11446727413894028,-0.07449838806624594,0.5686675225880058,0.4187938990314442,-0.6673374783770699,-2.835990208030484,-0.33261159900150705,-1.0723856633266728,0.56041130361862,0.4887240538030641,-0.7938500684921592
"Assumption Parish, LA",0,-0.420421510606961,-0.4385213263220568,0.43564064645711187,-0.1427492499119432,-0.627862714523786,1.4925079602834963,0.5686675225880058,0.4187938990314442,0.6540690176050897,-3.5549420152725677,-0.35267408445738846,1.1684778486197418,1.2266722412018107,0.5220095322919011,0.008454494204919215
"Avoyelles Parish, LA",0,-0.420421510606961,-0.4385213263220568,0.43564064645711187,-0.1427492499119432,1.0785347493510038,-0.07449838806624594,0.5686675225880058,0.4187938990314442,1.2694393420113799,-1.2932864084781146,-0.34879471453861416,2.094668507351499,1.8692304054800561,0.2948725531482251,1.7300084798145212
"Bartholomew County, IN",0,-0.420421510606961,-0.4385213263220568,-0.692685268286314,-0.1427492499119432,0.4499514281324493,-0.05922956419196027,0.5686675225880058,0.4187938990314442,-1.1081278204674687,0.5385757511656638,-0.35745368891316404,-1.207453664471806,0.017876123439830253,0.3333444562468494,-0.5007328504159979
"Boulder County, CO",0,-0.420421510606961,-0.4385213263220568,-2.6672556190873093,-0.1427492499119432,0.9616083744977447,0.3035885612985073,0.5206846955049805,0.4187938990314442,-0.8438465212710371,0.06254250909779938,-0.35745368891316404,-1.4832341592354883,-3.3770589539983913,0.5734474969149919,0.15593428563880807
"Bradford County, PA",0,-0.420421510606961,-0.4385213263220568,0.1535591677712554,-0.1427492499119432,-0.6762346060120825,-0.23715461704264654,0.5686675225880058,0.4187938990314442,0.03773416290976122,-0.4689709743126226,-0.35745368891316404,-0.5130164592110816,0.05857419309153436,-1.2519963484487964,0.026968750225597686
"Broome County, NY",0,-0.420421510606961,-0.4385213263220568,-0.41060378960045757,-0.1427492499119432,0.07744655089454741,-0.07716315015243558,0.5546265788933199,0.4187938990314442,-0.9325833078625398,-3.0929196940041437,-0.35745368891316404,0.06472086416175322,-0.3549780180129226,0.11430682512393635,1.149542759649066
"Brown County, IN",0,-0.420421510606961,-0.4385213263220568,-1.256848225658027,-0.1427492499119432,1.1276372927137934,0.020016632191949598,0.5686675225880058,0.4187938990314442,0.8286489999209807,0.7209377321875697,-0.35745368891316404,-0.9913871963331439,-1.041587990421966,-1.3865947241096328,-1.9951625207311394
CA,1,0.5967693713392443,1.1480458420793676,0.717722124197029,1.1975079966352087,-1.0817039736744356,-0.033861295936681635,-1.448225315662627,-1.013164318600696,0.4184021169834538,-0.03244439699224297,7.789346570846097,0.41740738476342804,-0.7283294717445741,1.5075284410538796,0.9488265930748503
CO,1,0.9751174699798787,1.5860025626750471,0.7177221115306939,1.1975079951164513,-0.2080342486668309,-1.0446615233411123,-1.3414467581581135,0.31537469442467847,0.08065576077195546,0.5420851890066574,0.7852650053973275,-0.8808402158824653,-1.3353914578968873,0.7548792655413988,-0.19050153108078657
CT,1,1.8942074478336313,1.8677987371222335,0.7177221227346638,1.1975079954402554,1.6705371234693596,0.19267875365697976,0.5977860087320627,0.4187938990314442,-0.843364256126518,0.11869888066660389,0.3997535270360244,-0.8315169462291853,-0.8818107401429883,0.8774796628062493,0.4676268682944214
"Calcasieu Parish, LA",0,-0.420421510606961,-0.4385213263220568,-0.692685268286314,-2.8232637471549733,-0.8732838996256415,-0.20942958582624926,-0.9032363587821868,-0.3258243741372686,1.3285971997390484,-0.08301330349692732,-0.3153429096317461,0.40621265880346136,1.0153413962286504,0.32979211062370817,0.8920949320466759
"Cameron County, TX",0,-0.420421510606961,-0.4385213263220568,0.1535591677712554,-0.1427492499119432,-0.6641420375343413,0.10173409503444919,0.5686675225880067,0.4187938990314442,0.6521399570270134,0.04432455577949142,-0.26960451884741643,2.563067307770525,1.5069360081574235,1.7066812741534025,1.2227239053882248
"Cameron Parish, LA",0,-0.420421510606961,-0.4385213263220568,0.43564064645711187,-0.1427492499119432,-0.23245491111369165,-0.2807869869123559,0.5686675225880058,0.4187938990314442,-3.3111150006304264,-4.689713911656232,-0.35745368891316404,-0.9849901048632714,-0.764315395623383,-0.5214209475934894,-1.1266536363418471
"Carroll County, IN",0,-0.420421510606961,-0.4385213263220568,-0.9747667469721706,-0.1427492499119432,0.7031387700240448,-0.060927091218511836,0.5686675225880058,0.4187938990314442,-1.0193910338759666,0.35384194823898835,-0.35745368891316404,-0.9462547752644497,-0.5879268799391595,-0.6247586817706792,-2.1790365674748458
"Carter County, MO",0,-0.420421510606961,-0.4385213263220568,-0.9747667469721706,-0.1427492499119432,-1.0684493683373018,-0.35574515135211154,-2.741699723161498,0.4187938990314442,-0.05100262368174148,0.6451413873801776,-0.35745368891316404,1.5111220604747733,1.3855669318464383,-1.472881199295743,-0.5473356188334644
"Catahoula Parish, LA",0,-0.420421510606961,-0.4385213263220568,-0.1285223109146011,-0.1427492499119432,-1.1502720016137868,-0.07449838806624594,0.568667522588005,0.4187938990314442,-2.07844529123977,-1.1550553400010577,-0.35745368891316404,1.7740848535800726,-0.46701101153075497,0.014805624219739653,1.459120450043775
"Chambers County, TX",0,-0.420421510606961,-0.4385213263220568,0.43564064645711187,-0.1427492499119432,-0.5728204202596326,-0.07449838806624594,0.5686675225880058,0.4187938990314442,0.4765954444220843,-0.1607682795152719,-0.35745368891316404,-0.3675767031460457,-0.5959033390245712,0.9512749773923355,-1.3115545749366184
"Clark County, IN",0,-0.420421510606961,-0.4385213263220568,0.43564064645711187,-0.1427492499119432,-0.36406972429345763,-0.8619893252666695,0.5686675225880041,0.4187938990314442,-0.13973941027324419,-0.7783005528203841,-0.33320517804610067,-0.7234384348763266,-0.5584230454811866,0.042478396624012725,-0.7625902724376686
"Clay County, IN",0,-0.420421510606961,-0.4385213263220568,0.1535591677712554,-0.1427492499119432,1.5574909369581336,-1.0627223092589342,0.5686675225880058,0.4187938990314442,1.0938948294064508,0.7136934797635004,-0.35745368891316404,-0.5561027517581622,0.751982284039281,-1.4045695929627293,-1.1198278258024124
"Cleveland County, OK",0,-0.420421510606961,-0.4385213263220568,-8.30888519280444,-0.1427492499119432,1.1573237637967644,-0.11898763689405048,0.5525154069653305,0.4187938990314442,-1.0213200944540421,0.28269567564732406,-0.2997530912543723,-0.9519463051751448,-1.0815156066392846,0.5080132905367232,0.3228344141384342
"Columbia County, PA",0,-0.420421510606961,-0.4385213263220568,-0.692685268286314,-1.4830064985334581,-1.317626518172868,-0.08975952886449276,0.5686675225880067,0.4187938990314442,0.25668253852140377,-0.5720808338152099,-0.35745368891316404,-0.5015158057964954,-2.2577713969960045,-0.8586451175983241,0.21171867531285965
"Cook County, IL",0,0.26350331348039724,0.8746156207611624,0.7177221083265934,1.1975079911000621,-0.6766843789691803,-0.09772855188040713,-0.18196005473964838,0.24150383399127467,-1.548918162557868,0.09137195068914242,0.7435481602081899,0.49210301927395095,-0.8761671059801833,1.4855832825690674,1.242989918096015
"Crawford County, IN",0,-0.420421510606961,-0.4385213263220568,-0.1285223109146011,-0.1427492499119432,0.8812926433924579,-0.07449838806624594,0.5686675225880058,0.4187938990314442,1.0919657688283746,0.8677009201863082,-0.35745368891316404,0.7549482187860541,0.23283263163363196,-1.5192393096777412,-1.0708088412647916
"Dallas County, TX",0,-0.420421510606961,-0.4385213263220568,0.1535591677712554,-0.1427492499119432,-1.9090153237524499,-1.7679232601887789,-3.05960628558795,-1.4427517838903383,1.3591406588919206,1.1768426847423346,0.17447185138999022,0.9804927305363282,0.436051055150605,1.625971981595625,0.6418655501032452
"Dauphin County, PA",0,-0.420421510606961,-0.4385213263220568,-0.1285223109146011,-1.4830064985334581,0.9226814707883586,-1.4129948215152108,0.5686675225880058,0.4187938990314442,-0.1831432732799573,-0.8462892033485017,-0.29951137498665814,-0.8910328238995234,0.06917925801191231,0.8169607893813504,0.40996920797148184
"Davidson County, TN",0,0.07084861557660849,0.3448540627208711,0.7177220817428517,1.1975079574680687,0.7972843693771833,-0.10268923721543628,0.5686675225880067,0.4187938990314442,-0.9325833078625398,-0.880846970467766,-0.21604755816393778,0.05799451063093151,-1.2865921825568367,1.2294236396843246,0.9991333061694899
"Daviess County, IN",0,-0.420421510606961,-0.4385213263220568,-0.41060378960045757,-0.1427492499119432,1.426726329927265,0.16759621261682406,0.5686675225880058,0.4187938990314442,0.9173857865124835,0.8173667811212928,-0.35745368891316404,0.3990629683371331,0.06351415922965858,-0.32280930380364087,1.012241278621325
"Dearborn County, IN",0,-0.420421510606961,-0.4385213263220568,-0.9747667469721706,-0.1427492499119432,0.18251761669183775,0.36609869793473887,0.5686675225880058,0.4187938990314442,-1.4592168456773276,0.5940559925082214,-0.35745368891316404,-1.4508018462319816,-0.9589228689913327,-1.575082182873528,-1.923219685753559
"Decatur County, IN",0,-0.420421510606961,-0.4385213263220568,0.43564064645711187,-0.1427492499119432,0.8575915467746353,-0.46967591813609294,0.5686675225880058,0.4187938990314442,-0.3162484531672112,-0.9845202718255581,-0.3519003105158429,-0.938187854771192,-0.39327408578095147,-1.149369083396235,-1.5249366610477029
"Dubois County, IN",0,-0.420421510606961,-0.4385213263220568,-0.692685268286314,-0.1427492499119432,1.143243848307777,-0.17553361181926608,0.5686675225880058,0.4187938990314442,-0.3162484531672112,0.8266072275466614,-0.35745368891316404,-1.63558841858046,-0.6736284943170803,-0.1361335413075483,-0.7830677040559721
"East Baton Rouge Parish, LA",0,-0.3301002595141214,-0.2668993756028885,0.7177219119669427,1.197507323465632,-0.8795493859848549,-1.0582869569126032,-1.2965586730900722,0.4187938990314442,-0.9316187775735016,-0.7433671577976496,-0.26350248680511323,0.23621936047906278,0.07067484409042478,1.063458052171148,0.8438008123451004
"Evangeline Parish, LA",0,-0.420421510606961,-0.4385213263220568,0.43564064645711187,-0.1427492499119432,1.0045034399690045,-0.07449838806624594,0.5686675225880058,0.4187938990314442,1.2694393420113799,0.14574408971646285,-0.35035639190032825,2.385524500762932,2.8452589444768326,0.833301579247802,2.178639407924083
FL,1,-0.0953371557224568,-0.03216083879871255,0.717722121669901,1.1975079863333506,-1.3974502715015609,0.2744306397723488,-1.5880874999319368,-2.3735246253512297,0.03676963262072322,1.1768426847423346,3.9151264065847524,0.33588345884010345,-0.221297787195427,1.0568344234942824,0.5746906160336925
"Fayette County, IN",0,-0.420421510606961,-0.4385213263220568,0.43564064645711187,-0.1427492499119432,-1.2119365495600833,-0.40261961189975587,0.5686675225880058,0.4187938990314442,0.8286489999209807,0.35309069243204794,-0.3524626355765499,1.3066973580625323,1.7572880535427398,-1.2541988027351445,0.042764763111103804
"Floyd County, IN",0,-0.420421510606961,-0.4385213263220568,0.1535591677712554,-0.1427492499119432,0.10133424299356979,-0.02786145925948245,0.5686675225880058,0.4187938990314442,-0.14070394056228216,0.40492734311094436,-0.35745368891316404,-1.2404739454412934,-0.31926523528960105,-0.36298633280137277,-1.0175916812184032
"Fountain County, IN",0,-0.420421510606961,-0.4385213263220568,0.1535591677712554,-0.1427492499119432,1.3446212046449013,-0.018878801461298583,0.5686675225880058,0.4187938990314442,1.2684748117223417,0.9706229657371602,-0.35745368891316404,-0.005153248915416891,0.6669604815152301,-1.0172928731278292,-2.1114127188120406
"Franklin County, IN",0,-0.420421510606961,-0.4385213263220568,-0.1285223109146011,-0.1427492499119432,0.18474219513146134,-0.4682438566664576,0.5686675225880058,0.4187938990314442,0.9173857865124835,0.9364408265213663,-0.35745368891316404,-1.031063274677535,-0.1625912633676167,-1.5027919494425956,-1.249971266574197
"Franklin County, MO",0,-0.420421510606961,-0.4385213263220568,0.43564064645711187,-0.1427492499119432,0.23297880451443892,-0.0063563396379017955,0.5686675225880058,0.4187938990314442,0.47755997471112227,-0.05709497815747929,-0.35745368891316404,-0.6593264078657695,-0.9407039113076078,-1.2492965657752089,-1.4143343681476612
"Franklin Parish, LA",0,-0.420421510606961,-0.4385213263220568,0.43564064645711187,-0.1427492499119432,1.185640565261148,-0.07449838806624594,0.5686675225880058,0.4187938990314442,0.3878586578305816,-0.1618951632256826,-0.35745368891316404,2.3160972433399074,2.049969717029051,-0.059154211654069415,1.0658510737872384
GA,1,2.013710380477983,2.418936139358808,0.7177221244515871,1.1975079970670877,-1.4164695593602286,-0.11360286140454508,-1.4349213189903414,-1.4427517838903383,0.007833723949581057,-0.023288466845155644,1.792351028960599,0.4700837179589971,0.1306323915648626,0.9314398533164473,-0.09623509817511842
"Galveston County, TX",0,-0.420421510606961,-0.4385213263220568,-0.1285223109146011,-0.1427492499119432,0.5918295457168479,-0.3125308823743335,0.45809208424749076,0.4187938990314442,-1.7244626751627978,-1.189613107120322,-0.28985146270876194,-0.19574894476778687,0.08789674438847513,1.1603660407704515,0.4808247456949927
"Gibson County, IN",0,-0.420421510606961,-0.4385213263220568,-0.9747667469721706,-0.1427492499119432,1.490887882694209,-0.04136619777541656,0.5686675225880058,0.4187938990314442,-0.3162484531672112,0.9879018492967923,-0.35745368891316404,-1.4304346358904032,-0.06315744954151503,-1.040809401153027,0.11395253055113554
"Grant County, IN",0,-0.420421510606961,-0.4385213263220568,-0.41060378960045757,-0.1427492499119432,1.6558819132236733,1.58448251963598,0.5686675225880058,0.4187938990314442,1.3581761286028826,1.0993694296515928,-0.35745368891316404,1.0833871245829858,0.8315655917323685,-0.41559657148010015,0.7494475728530942
"Greene County, IN",0,-0.420421510606961,-0.4385213263220568,-1.5389297043438834,-0.1427492499119432,1.102257906873593,-0.06120974917947826,0.5686675225880058,0.4187938990314442,-1.5479536322688299,0.7010160380213789,-0.35745368891316404,0.32883607448037466,0.42902633266061135,-1.4605190365272103,-0.21006205116149318
"Hampden County, MA",0,-0.420421510606961,-0.4385213263220568,-0.692685268286314,-1.4830064985334581,0.341946573741122,-0.08143371904224064,0.4995209993351692,-0.3258243741372686,-0.976951701158291,-0.263878139017859,-0.2588952197058085,0.5648699347437479,1.1936787058939702,1.0997630244396548,1.1080442477854242
"Hancock County, IL",0,-0.420421510606961,-0.4385213263220568,0.43564064645711187,-0.1427492499119432,-1.0417002347544482,-0.07449838806624594,0.5686675225880058,0.4187938990314442,0.1245418889231875,-0.46953441616782826,-0.35357135920335653,-1.1603221523187768,-0.4243188271076975,-1.4445334812230728,-2.061789680244381
"Harris County, TX",0,-0.420421510606961,-0.4385213263220568,-3.513500055144879,-5.503778244398004,-1.1931189701724783,-0.017165902026264845,-1.1231376345901227,-0.8222365562497442,-0.210343027430831,-0.5625023222767181,0.5820746462536343,0.9680042909388941,0.41416111345598033,1.6256522704895422,0.4159191401673602
"Harrison County, IN",0,-0.420421510606961,-0.4385213263220568,0.1535591677712554,-0.1427492499119432,1.4080585650240312,-0.07449838806624594,0.5686675225880058,0.4187938990314442,1.2704038723004178,0.971749849447571,-0.35745368891316404,-0.8926556154856307,-0.6468439072745885,-1.4375708838017152,-1.3632918026094123
"Hawaii County, HI",0,-0.420421510606961,-0.4385213263220568,-0.1285223109146011,-1.4830064985334581,-0.7769052116475625,-0.8945158765837469,-1.7490952465421643,-2.063267011530933,0.8305780604990569,-0.15964139580486095,-0.31641847655185895,-0.28170986139419457,0.19689324495901883,1.3532584081070422,0.03149915545088682
"Hays County, TX",0,-0.420421510606961,-0.4385213263220568,-0.41060378960045757,-1.4830064985334581,-0.7438866219705437,-0.1150210510594325,-0.43707367449325757,0.4187938990314442,-0.007598760675028125,-0.8554920869835233,-0.31605667733365356,-0.0812363037133459,-1.7181820681839872,1.210560684425443,0.7926072332993421
"Henry County, IN",0,-0.420421510606961,-0.4385213263220568,0.43564064645711187,-0.1427492499119432,-0.26372027609269466,-0.07449838806624594,0.5686675225880058,0.4187938990314442,1.0929302991174128,0.6618568290846042,-0.35745368891316404,0.25051874141171865,-0.035375805113347474,-1.1533477104941536,-0.40474866504288687
"Hidalgo County, TX",0,1.057112952512338,0.3646574902503442,0.7177221204684456,1.1975079764994538,-1.5596006996945782,-0.07449838806624594,0.5686675225880058,0.4187938990314442,0.7403944784739971,-0.46953441616782826,-0.18284550324330262,2.761894555146626,1.4044657013840331,1.7135017777498351,1.015956210906061
"Holt County, MO",0,6.695952720301649,3.2302077058674903,0.7177220369925339,1.1975075798793127,-1.3928227352328941,-0.1465397637787691,-1.766392551467093,-3.3042974668121206,1.006122573103986,1.2796144791317985,-0.35649246153951364,-0.9955735282509278,-0.2928885353594317,-1.7103199807465295,-1.005389789811626
"Howell County, MO",0,1.954505497093826,1.2728755952293778,0.7177219754535203,1.1975078564653034,-1.371128590441804,-0.24552195845778055,-1.6006140068764287,0.4187938990314442,-0.05100262368174148,0.4565386170477582,-0.3489728657703288,1.2734889273439316,1.7322256565300533,-1.0398857912910098,0.17160948771830653
"Huntington County, IN",0,-0.420421510606961,-0.4385213263220568,0.1535591677712554,-0.1427492499119432,-1.237719393206655,2.0138002026026096,0.5686675225880058,0.4187938990314442,-0.13877487998420596,-0.46840753245741706,-0.35745368891316404,-0.8796968015154119,-1.1426080319070986,-1.2938785033456364,-1.0498783691239588
IA,1,-0.14670484727594313,-0.17835691558857067,0.7177220816146777,1.1975079668916473,-1.2272410179160287,-0.08123654785295197,-1.347488378523595,-1.013164318600696,0.4765954444220843,0.40492734311094436,0.3004767799689964,-1.361038508007443,-0.5022799757747008,-0.1968090695900401,-0.3776198548334898
IL,1,1.8300259852117584,1.617012405504428,0.7177221229635509,1.1975079972975138,-0.5310199251619105,-0.8671111169763329,-1.2186261436912373,0.4187938990314442,-0.9914196554938619,-0.04848968436888757,2.3472697763766504,-0.2841108164401306,-0.7190163732571049,0.8018645534434069,0.20752263713999713
IN,1,-0.25894747551645086,-0.2591006281689493,0.7177218793489187,1.1975079860156117,-0.7448132954719274,-0.14660367697950985,0.5686675225880091,0.4187938990314442,-1.9000071877677263,-0.14892375181997558,1.0402762316054692,-0.20376876246779166,-0.017560640483337695,0.04578400038704458,-0.2926396496362136
"Iberia Parish, LA",0,-0.420421510606961,-0.4385213263220568,0.1535591677712554,-1.4830064985334581,-0.5814205308160636,-0.07449838806624594,0.5686675225880058,0.4187938990314442,-1.0213200944540421,-1.8595454729595362,-0.3421494198992823,1.61345200527409,1.9570167762098452,0.9312752715340482,1.4390960589480004
"Iberville Parish, LA",0,-0.420421510606961,-0.4385213263220568,0.43564064645711187,-0.1427492499119432,1.4885447486031735,-0.07449838806624594,0.5686675225880058,0.4187938990314442,1.3562470680248064,-1.3969597098359072,-0.3505531827684308,1.0970750188310214,0.6557209255312417,0.5533767441442422,1.7598789515999222
"Jackson County, IN",0,-0.420421510606961,-0.4385213263220568,-0.41060378960045757,-0.1427492499119432,0.3610188359489719,-0.048082168051531,0.5686675225880058,0.4187938990314442,-0.8438465212710371,0.7652484095147939,-0.3481904943405439,-0.14779427746238394,0.46659726778451194,0.024325910489759114,-0.241503063424994
"Jasper County, IN",0,-0.420421510606961,-0.4385213263220568,0.1535591677712554,-0.1427492499119432,-0.0680177831549453,-0.5436790350361548,0.5686675225880058,0.4187938990314442,-0.3162484531672112,-0.31515134784154986,-0.35745368891316404,-1.05063084858538,0.033375833708074114,-0.6072456178485912,-1.5645324027167231
"Jasper County, MO",0,-0.3547158927839898,-0.3807293531551686,0.7177213934950819,1.1975062605657067,0.8404475291117278,3.2557387773310134,0.5680830974889408,0.4187938990314442,-1.8112704011762233,-3.2467393204752173,-0.3323675219480878,0.7865338579185477,0.80564209970478,0.2445713391245397,0.25493874116211107
"Jay County, IN",0,-0.420421510606961,-0.4385213263220568,0.1535591677712554,-0.1427492499119432,-0.22325641357350878,5.761371950115462,0.5686675225880058,0.4187938990314442,1.533720641207812,-0.1100585125467863,-0.35745368891316404,0.5460314411137198,1.2225480492883303,-1.1439339945928282,-0.5222975792883705
"Jefferson County, AL",0,0.3003135460070765,0.7976982147315363,0.717722041318718,1.1975079418131138,0.04473432340603014,0.19457202615513688,-0.15619319313433228,0.4187938990314442,-1.9004894529122458,-0.18250103678747964,-0.21772287035996354,0.28626719374335735,0.47869791878340356,1.001220956853707,0.3122030632097577
"Jefferson Davis Parish, LA",0,-0.420421510606961,-0.4385213263220568,0.1535591677712554,-1.4830064985334581,1.4463430009549476,-0.07449838806624594,0.5686675225880058,0.4187938990314442,1.3133254701626125,-0.1100585125467863,-0.35077442714816504,1.1633272492377498,2.1300515534149755,-0.14892198555085817,0.18668063576776575
"Jefferson Parish, LA",0,-0.420421510606961,-0.4385213263220568,-3.795581533830735,-2.8232637471549733,-0.244883629212802,-0.22529868582707596,-0.02659368913655972,0.4187938990314442,-1.6662693477241668,0.0058696491617237214,-0.2655900556093395,0.36573694402533596,0.4057767672582456,1.279440666058159,-0.11815523049114106
"Jennings County, IN",0,-0.420421510606961,-0.4385213263220568,-0.692685268286314,-0.1427492499119432,0.47695932986872064,-0.04387921420803636,0.5686675225880058,0.4187938990314442,-0.5805297523636432,0.5381249976814994,-0.35745368891316404,0.28539700115370553,0.5740075406960253,-1.2174320255356286,-0.6454037906102081
"Jersey County, IL",0,-0.420421510606961,-0.4385213263220568,0.1535591677712554,-0.1427492499119432,-1.161825351409121,1.3686305421293457,0.5686675225880058,0.4187938990314442,0.47755997471112227,-0.7783005528203839,-0.3527521665636938,-1.5263910079384866,-1.307213142124237,-1.2528489113983505,-1.3987195714711678
"Kane County, IL",0,-0.420421510606961,-0.4385213263220568,-0.692685268286314,-0.1427492499119432,-0.20312154544174985,-0.07449838806624594,0.5686675225880058,0.4187938990314442,0.9164212562234454,0.4770479005772347,-0.24713219972076156,-0.41242689959106854,-0.4135324790262887,1.2956393620996849,-0.6835195999056349
"Kauai County, HI",0,-0.420421510606961,-0.4385213263220568,0.43564064645711187,-0.1427492499119432,-1.8569607380553401,-0.3779983355718545,-2.3958719308327203,-3.3042974668121206,0.1245418889231875,1.2796144791317985,-0.34260226792736714,-1.4471094074056219,-0.9955420675198158,1.4361701549511678,-0.256000360145917
"Knox County, IN",0,-0.420421510606961,-0.4385213263220568,-2.1030926617155963,-0.1427492499119432,0.9294009491547898,-0.09324385384998504,0.5686675225880058,0.4187938990314442,-0.669266538955146,0.7243988750124029,-0.35745368891316404,-0.16164680274089452,0.5840687561333071,-0.9561214814973303,0.7657872343656345
"Kosciusko County, IN",0,-0.420421510606961,-0.4385213263220568,-0.41060378960045757,-0.1427492499119432,1.3762384300734474,-0.07449838806624594,0.5686675225880058,0.4187938990314442,1.006122573103986,0.9461132450357256,-0.3408352726805262,-0.6133002754887843,-0.02490670256374448,0.010294145278349574,0.10422726066751704
LA,1,0.5849717657692359,0.4814761619999614,0.7177220777341614,1.1975079782319304,-0.5290189704558842,-0.05583052934759047,-0.745384308144595,-0.49989098344943533,-1.7747560402340683,-0.9449821968137313,0.6166500794492978,0.7103730538117513,0.7246662501365121,0.6578483079257063,0.6693320514922835
"Lafourche Parish, LA",0,-0.420421510606961,-0.4385213263220568,0.1535591677712554,-1.4830064985334581,-0.016494446971623083,-0.07449838806624594,0.5686675225880058,0.4187938990314442,1.3567293331693255,-0.5726442756704152,-0.3368843744784487,0.6356847965664874,0.8141170874830302,0.48822672541582435,0.9012463506017582
"Lake County, IL",0,-0.420421510606961,-0.4385213263220568,0.43564064645711187,-0.1427492499119432,-0.8839660749081386,-0.07449838806624594,0.5686675225880058,0.4187938990314442,1.0948593596954888,0.6641105965054256,-0.20877003101854252,-1.1687183348729837,-0.7988951585902551,1.1375599818698823,0.0568392220109995
"Lawrence County, IN",0,-0.420421510606961,-0.4385213263220568,-1.256848225658027,-0.1427492499119432,0.5785652815173954,-0.0026587367085866096,0.5686675225880058,0.4187938990314442,-1.6366904188603326,0.5298504515793403,-0.35745368891316404,-0.2827446850143209,0.4656908519793516,-1.314055826485081,-0.568417104481807
"Lee County, TX",0,-0.420421510606961,-0.4385213263220568,0.43564064645711187,-0.1427492499119432,-1.2900099196890888,-0.07449838806624594,-3.161784868768152,0.4187938990314442,0.9183503168015215,-0.46953441616782826,-0.35745368891316404,0.03099502163308893,0.621685012047466,1.0239204453855815,0.43050704499278875
"Lexington County, SC",0,-0.420421510606961,-0.4385213263220568,0.1535591677712554,-1.4830064985334581,-0.6352882285410126,-0.6024679229741686,-0.8457170710997274,-3.3042974668121206,-0.535679093923373,1.2796144791317985,-0.2983349989933776,-0.6113482218417278,-0.11056299615140695,0.5394515493015267,-0.27620596745070375
"Liberty County, TX",0,-0.420421510606961,-0.4385213263220568,-0.1285223109146011,-0.1427492499119432,0.1563776942626489,-0.07597582928851015,0.5655756163476041,0.4187938990314442,-1.284636863361437,-1.0179511552344118,-0.34012534565984043,1.8259436281795878,1.0136192061988463,1.0183787862134808,2.0820511685209326
"Livingston Parish, LA",0,-0.420421510606961,-0.4385213263220568,0.1535591677712554,-1.4830064985334581,-0.5489767164476059,-1.0588620595667753,0.5686675225880067,0.4187938990314442,0.16939254736345816,-0.5208076249915189,-0.35745368891316404,-0.47362260549036134,0.7180823329262801,-0.4162359936922656,-0.19329955182792566
"Luzerne County, PA",0,1.717241149787178,1.3425845022674663,0.7177220834314834,1.197507959072712,-0.049551579007465735,-0.0862778420165465,0.5652389712754379,0.04648476244708782,-1.4162952478151334,0.2510451119892933,-0.28982753773124326,-0.06971213158011992,0.6489228069925361,0.3336996908091635,0.27756056458705225
"Lycoming County, PA",0,-0.420421510606961,-0.4385213263220568,0.43564064645711187,-0.1427492499119432,-1.488838799075754,-0.14599681758307995,0.5686675225880041,0.4187938990314442,-0.052931684259817466,-0.8808469704677658,-0.33306148723855866,-0.14967577495352294,-0.3751910904680015,-0.7759820349478185,0.6702560895150528
MD,1,0.2943217630111438,0.3698844648471266,0.7177221217940105,1.1975079955271828,0.45942973230969525,-0.10648205719296293,-0.16484953482343478,0.4187938990314442,-1.6366904188603326,-0.3045586409636885,0.9021088874299673,-1.0709375030464767,-0.7955982318917956,0.9512777539651384,-0.031099955226768082
MO,1,1.1336085010826096,0.9308677508263613,0.7177221224186124,1.1975079943948164,-0.7885252994810927,-0.1747468926100736,-1.0460395131575524,-0.4085597378226813,0.5068173934786104,0.5308163519025495,0.9243713785137304,-0.30835399148102927,-0.20223574502866948,-0.07466957243911482,-0.31518469557937884
MS,1,-0.23915541784868646,-0.17527435978893627,0.717722008752346,1.1975079484360978,-0.7434033218668571,8.163321894055176,-1.1453920645323248,0.08033104759112045,-0.31528392287817336,-1.2973995340211135,0.27132470577883694,1.2623254073997037,0.99912190733881,0.4786994105355377,0.41866009809087895
"Madison County, IN",0,-0.420421510606961,-0.4385213263220568,-0.1285223109146011,-0.1427492499119432,0.6018961358163295,-0.1459603985701939,0.5686675225880058,0.4187938990314442,-0.052931684259817466,0.4560127379829,-0.3299160045535963,0.49953493436394997,1.0622030933554463,-0.1941788687896825,0.22981009351251244
"Marion County, IN",0,0.27519057289724386,0.6014001971625622,0.717722107620731,1.1975079778961655,0.625876412946748,-0.07449838806624594,0.5686675225880058,0.4187938990314442,0.2132786755146904,0.37985418055430414,-0.15956871996093616,1.0065044333513233,0.795852809009047,1.1834207638646401,0.466206638168062
"Marshall County, IN",0,-0.420421510606961,-0.4385213263220568,-0.1285223109146011,-0.1427492499119432,0.6623974023533253,-0.07449838806624594,0.5686675225880058,0.4187938990314442,0.6531044873160515,0.8677009201863082,-0.35745368891316404,0.12579897646784907,-0.03578369222566993,0.13935086176708514,0.2114770537008451
"Martin County, IN",0,-0.420421510606961,-0.4385213263220568,-0.9747667469721706,-0.1427492499119432,1.160587673292363,0.014655502793585616,0.5686675225880058,0.4187938990314442,0.3020154621061931,0.8849798037459402,-0.35745368891316404,-0.6007647984540715,-0.4013411864468798,-1.6658446135447964,-0.9743414126676495
"Mercer County, IL",0,-0.420421510606961,-0.4385213263220568,0.43564064645711187,-0.1427492499119432,-1.0694128625780623,-0.15977330378584334,0.5686675225880058,0.4187938990314442,0.3888231881196196,-0.3669879985204461,-0.35408467153397744,-1.4307403792327136,-0.45776557031811815,-1.4144451137950633,-2.1150672456937736
"Mercer County, NJ",0,2.174057120730576,2.3775945562641727,0.7177221221793617,1.1975079846285503,0.20495304190060878,-0.08156654826864561,-0.5040872021488411,-3.3042974668121206,0.6540690176050897,1.2796144791317985,-0.2790315237594831,-0.41106281390999394,-1.2686451496146594,1.3700610029045015,1.4373140995593865
"Montgomery County, IN",0,-0.420421510606961,-0.4385213263220568,-1.5389297043438834,-0.1427492499119432,1.2220909516419665,-0.2259389529124809,0.5686675225880058,0.4187938990314442,-1.6366904188603326,0.7525709677726725,-0.35745368891316404,-0.5350299798574064,0.49569321513016235,-0.23947127548473848,-0.3928790033526315
"Montgomery County, TX",0,-0.420421510606961,-0.4385213263220568,0.43564064645711187,-0.1427492499119432,-1.0009694809563243,-0.07449838806624594,0.5686675225880058,0.4187938990314442,0.4765954444220843,-0.5720808338152097,-0.35745368891316404,-0.8431016753127601,-0.4257690923959547,0.9989119321986649,0.016065574983403736
"Morgan County, IN",0,-0.420421510606961,-0.4385213263220568,0.43564064645711187,-0.1427492499119432,0.9046358718919245,-0.16869586859261265,0.5686675225880058,0.4187938990314442,0.7418412739075543,0.1491247408476952,-0.35745368891316404,-0.7700525352192927,-0.6454842835668485,-1.4147293014449147,-1.8637203637947717
NC,1,0.8469458112276097,0.7902827890152108,0.7177221226663936,1.1975079944306697,-0.919190539412825,-0.10498322872745178,-1.1339298129191238,-0.5965946552895279,0.3668801240440036,0.18645276375505243,1.7557834097503162,0.33035300059634315,0.06927918958387277,0.8146216934222804,0.3606032755732379
NJ,1,1.504260870467175,1.3482593994275354,0.7177221191630905,1.1975079963418829,-0.4010111700181182,-0.05045519747330726,-0.5556209155643996,0.21195548981791276,0.0075122138532349204,0.3842457126610521,1.5286285035007128,-0.6450574735135731,-0.9885885235404044,1.1199041402482335,0.37024511656932885
NY,1,3.4899023257761046,4.547823710631621,0.7177221245477916,1.1975079978258623,1.2391791695360022,-0.016255296651394163,0.17068423624689172,-0.511978942429447,-0.10424469563664293,-1.5926618475439138,3.7879880542180553,-0.1321458660270555,-1.0129129337125022,0.965634471796428,0.9688792441718337
"Newton County, IN",0,-0.420421510606961,-0.4385213263220568,0.43564064645711187,-0.1427492499119432,-0.8173002748614028,-0.07449838806624594,0.5686675225880058,0.4187938990314442,0.8286489999209807,0.35309069243204794,-0.35745368891316404,-0.04153670665031536,0.3774512733469818,-0.39342993479169647,-2.5854139161832177
"Newton County, TX",0,-0.420421510606961,-0.4385213263220568,-0.1285223109146011,-1.4830064985334581,-1.7446059999171153,-0.07449838806624594,-3.161784868768152,0.4187938990314442,-0.13925714512872506,-0.8474160870589124,-0.35745368891316404,1.7103256073491033,0.7013589613210701,0.0463149298970055,-0.29937143950267825
"Noble County, IN",0,-0.20764337123885182,-0.3211832508310549,0.7177215609805752,1.1975066584536636,1.0462663498199656,-0.40261961189975565,0.5686675225880058,0.4187938990314442,-0.40305617918063785,-0.41713432363372627,-0.34740734772739307,-0.07476865608755623,0.3977096665923178,0.18510507339314877,0.2781042132140872
"Norfolk County, VA",0,-0.420421510606961,-0.4385213263220568,0.43564064645711187,-0.1427492499119432,-0.3315502836358038,0.0057072778156763175,0.6355176486173054,0.4187938990314442,-0.31431939258913516,-1.7045989627780527,-0.35745368891316404,1.0522013036673588,-0.9683495933650021,1.0809000691807735,1.7708425322451213
OH,1,2.473195062038803,2.3176837566624653,0.717722124973393,1.1975079983067192,-1.867069838573904,-0.07449838806624594,-2.224451872808703,0.4187938990314442,1.1816670857089155,0.9711864075923655,2.10028592627793,-0.3387657066220145,-0.07151298408481606,-0.0328791330784315,-0.2139229250411877
OK,1,2.1450811379324195,1.3336199314899893,0.7177221222687343,1.197507995978295,-0.44251805585896464,-0.14908520860896182,-0.7362009044928768,-0.3258243741372686,-0.9311365124289825,0.6107244807247143,0.4602856581166102,0.1528962184522534,0.8102095070063269,0.6551251880486456,0.24866191681912236
OR,1,0.10675779039497743,0.24319224266208225,0.7177221184171906,1.1975079923183176,-1.1478465163855869,0.038145557246233364,-1.080186664056851,-3.3042974668121206,1.006122573103986,1.2796144791317985,0.49285896885632846,-0.1813480992821946,-0.5718922892555647,0.547514602934691,0.8048759689234594
"Ohio County, IN",0,-0.420421510606961,-0.4385213263220568,0.43564064645711187,-0.1427492499119432,-0.010002666583554068,-0.6977057838397042,0.5686675225880058,0.4187938990314442,0.47755997471112227,-0.05709497815747929,-0.35745368891316404,-1.2266919763187014,-1.3988971008162172,-1.7251687854512614,-0.9002843885849348
"Orange County, FL",0,-0.415165379283625,-0.42915465391542323,0.7177217020213851,1.1975059883267145,-1.190901190369884,-0.38681630493143276,-1.9451600825777526,-3.3042974668121206,1.2704038723004178,1.2796144791317985,-0.08632375785849533,0.5073196302335373,-0.7049451603853744,1.4730435025193775,0.8789265541918382
"Orange County, IN",0,-0.420421510606961,-0.4385213263220568,-0.1285223109146011,-0.1427492499119432,1.3237573706365013,-0.07449838806624594,0.5686675225880058,0.4187938990314442,0.6540690176050897,0.8004635254651311,-0.35745368891316404,0.5949268571646917,1.585658220835609,-1.3622966800473442,0.43983967975688365
"Orange County, NY",0,-0.420421510606961,-0.4385213263220568,0.43564064645711187,-0.1427492499119432,-1.2995855403343468,3.724057520841844,-0.839722368197046,-3.3042974668121206,-2.781587871948525,1.2796144791317985,-0.2770283442353116,-0.7377142970903434,-0.2145288890033104,1.0465844104612254,1.394969912053691
"Orleans Parish, LA",0,3.123670744509213,4.0720987301184,0.7177220704707118,1.197507967537775,-0.525042427072504,1.5756581956411957,0.01988926157295482,0.2698702443977015,-1.6952052563953093,-0.9112728306488573,-0.27965406647347335,1.2920451963502888,-0.7744672526411808,1.2786236265648367,1.066998776444311
"Owen County, IN",0,-0.420421510606961,-0.4385213263220568,-0.41060378960045757,-0.1427492499119432,1.5388244362403722,0.45222137246519584,0.5686675225880058,0.4187938990314442,0.8286489999209807,0.9971047329318138,-0.35745368891316404,0.5012282821059748,-0.5481805468828734,-1.29171157251552,-1.0813193813874604
PA,1,2.9234725757534736,2.95282364674464,0.7177221243426047,1.1975079977588774,-0.6172618366171426,-0.14293182478196342,-0.6419417460108258,-0.2017213286091498,-1.0785488916036345,0.14833592225040768,2.3461986139074797,-2.1809108929820873,-0.6402376185072987,0.17814021964622612,0.13986683238872252
"Parke County, IN",0,-0.420421510606961,-0.4385213263220568,-0.1285223109146011,-0.1427492499119432,1.2900214104621333,0.1700854113267114,0.5686675225880058,0.4187938990314442,1.4469129151943854,0.8684521759932485,-0.35745368891316404,0.5571322763114392,-0.9673072151890668,-1.0074173522954954,1.032295872418601
"Perry County, IN",0,-0.420421510606961,-0.4385213263220568,-0.9747667469721706,-0.1427492499119432,0.8850311384287258,0.0900136073454751,0.5686675225880058,0.4187938990314442,-1.1081278204674687,0.6280503177722804,-0.35745368891316404,-0.7108088829670571,-1.2364220677412054,-1.3497213765414227,0.685176224057003
"Pike County, IN",0,-0.420421510606961,-0.4385213263220568,-0.41060378960045757,-0.1427492499119432,0.6636718518538224,-0.07449838806624594,0.5686675225880058,0.4187938990314442,0.3878586578305816,0.9703412448095574,-0.35745368891316404,-0.9403750956046406,-0.8402277193055714,-1.7438896468852176,-1.3590634243991424
"Plaquemines Parish, LA",0,-0.420421510606961,-0.4385213263220568,0.1535591677712554,-1.4830064985334581,-1.0417002347544482,-0.07449838806624594,0.5686675225880058,0.4187938990314442,0.9603073843746777,0.5069103189031205,-0.35745368891316404,-0.2093662828599048,0.702854547399585,0.7183476748829393,0.14874604268135083
"Posey County, IN",0,-0.420421510606961,-0.4385213263220568,0.43564064645711187,-0.1427492499119432,0.008484860217642557,-0.07449838806624594,0.5686675225880058,0.4187938990314442,1.1807025554198773,0.7644032467319858,-0.35745368891316404,-1.955066692575843,-1.6050613756999612,-1.4413008467060138,-2.220233052323469
"Pulaski County, IN",0,-0.420421510606961,-0.4385213263220568,-0.1285223109146011,-0.1427492499119432,0.9834040485993006,-0.10786056941457753,0.5686675225880058,0.4187938990314442,0.8286489999209807,0.9706229657371602,-0.35745368891316404,0.0778207904438077,0.4151581708416561,-1.3311781323886234,-1.3282868715686835
"Putnam County, IN",0,-0.420421510606961,-0.4385213263220568,-0.692685268286314,-0.1427492499119432,-0.2955920849988471,-0.8235362313867933,0.5686675225880058,0.4187938990314442,-0.7541452043904963,0.06618609976146121,-0.35745368891316404,-0.8264739412348203,-1.7688053909021986,-0.6960187349709004,0.20912124298369417
"Queens County, NY",0,3.2552528850483853,4.997202780063871,0.7177221115694163,1.1975079938726578,-1.1820754661221673,-0.7520920980889345,-1.915708535987119,0.325716614885355,0.09560598025204554,0.15056946355334971,0.12598226436905413,0.5843904712143139,-1.8949331501902742,1.6615664847395035,1.1750640424181913
RI,1,-0.30894438544131264,-0.2179860205478196,0.7177219324338558,1.1975078842569207,0.6809437384903031,-0.14012263283294765,0.5686675225880058,0.4187938990314442,-0.49275749606117875,0.5979061785187917,-0.13290452631224803,-0.2942103375142555,-0.7847318407858105,0.5968326434672527,0.478614478209479
"Randolph County, IN",0,-0.420421510606961,-0.4385213263220568,-0.1285223109146011,-0.1427492499119432,0.8281244146091356,-0.12596856835690193,0.5686675225880058,0.4187938990314442,0.565332231013587,0.8684521759932485,-0.35745368891316404,0.18421947356771137,1.6130319781514542,-0.6742783797572737,-1.2923758594828978
"Rapides Parish, LA",0,-0.420421510606961,-0.4385213263220568,0.43564064645711187,-0.1427492499119432,0.8082188067544513,-0.07449838806624594,0.5686675225880058,0.4187938990314442,0.2991218712390789,-1.2932864084781146,-0.32972925583364227,1.0026003260572107,1.9809008326758237,0.6032161532369187,1.5175022720469915
"Richland County, SC",0,0.37356090899544664,0.9988734822959116,0.7177220893269666,1.197507913623064,-0.5773662405056241,-0.3399831592949089,-1.438171085826096,-1.4427517838903383,-0.49179296577214054,-1.189613107120322,-0.27263696570339524,0.2196621825570405,-0.6225519636962886,1.0510248424901527,0.991612833495511
"Ripley County, IN",0,-0.420421510606961,-0.4385213263220568,-0.692685268286314,-0.1427492499119432,1.2751127066858703,-0.26693366711085986,0.5686675225880058,0.4187938990314442,-0.8438465212710371,0.601681238948668,-0.35745368891316404,-0.6577271349983016,-0.2669197225415861,-1.1291207133443275,0.01518969663984787
"Rush County, IN",0,-0.420421510606961,-0.4385213263220568,0.1535591677712554,-0.1427492499119432,-0.9776913803875293,1.0192390247121201,0.5686675225880058,0.4187938990314442,-1.109092350756507,-0.006385211188993697,-0.35745368891316404,0.2833038351948136,0.13997033239494258,-1.4998790260316195,-1.8244266491407697
SC,1,-0.15354370554554767,-0.12863400060919963,0.7177221163780266,1.1975079778870836,-0.5764490442687936,-0.0812882031308295,-0.8369259478570764,-1.4427517838903383,0.300568666672636,0.35309069243204794,0.6736634418186587,0.4491529238152967,0.18362531084244552,0.6699586030713943,0.5568169870995633
"Schuylkill County, PA",0,-0.420421510606961,-0.4385213263220568,-0.1285223109146011,-1.4830064985334581,-0.21506220394492878,-0.1285933995009978,0.5686675225880058,0.4187938990314442,0.3893054532641387,0.2512955305916067,-0.3268118180006691,-0.10936469120587232,0.17187616873659065,-0.5904074995948998,-0.0885263803177554
"Scott County, IN",0,-0.420421510606961,-0.4385213263220568,-0.1285223109146011,-0.1427492499119432,0.568655333770166,1.5150301939245534,0.5686675225880058,0.4187938990314442,1.0929302991174128,0.696038968300398,-0.35745368891316404,0.9629007289941797,0.2940156984819625,-1.286844859011816,-0.0899157045868433
"Shelby County, IN",0,-0.420421510606961,-0.4385213263220568,0.43564064645711187,-0.1427492499119432,0.22958377616523246,-0.2410401420171389,0.5686675225880058,0.4187938990314442,0.47755997471112227,-0.05709497815747929,-0.35745368891316404,-0.6903240790322827,-0.30453597845574315,-0.438296060011975,-0.6861472349363017
"Shelby County, TN",0,-0.3278178800848275,-0.28934958560162627,0.7177220921187991,1.1975078418014247,-0.1965716265608222,-0.050764242962201764,0.22261425505790514,-3.3042974668121206,-1.1959000767699337,1.2796144791317985,-0.16027973928545566,1.044016789580905,0.8543619492321535,1.273224061217661,0.6270058209643
"Snyder County, PA",0,-0.420421510606961,-0.4385213263220568,0.43564064645711187,-0.1427492499119432,-0.06083399799785646,-0.27137112236635175,0.5686675225880058,0.4187938990314442,-0.49179296577214054,-1.189613107120322,-0.35745368891316404,-0.5322547710579766,-1.6128112308340843,-0.9171167265552352,0.15940759631153023
"Spencer County, IN",0,-0.420421510606961,-0.4385213263220568,-1.5389297043438834,-0.1427492499119432,1.3514206496324688,-0.07449838806624594,0.5686675225880058,0.4187938990314442,0.6531044873160515,0.9840047097982884,-0.35745368891316404,-1.2909451156410943,-1.3675804347479243,-0.9720715133452362,-1.5399474036941583
"Sullivan County, IN",0,-0.420421510606961,-0.4385213263220568,0.1535591677712554,-0.1427492499119432,1.336673786588052,-0.5666802238165106,0.5686675225880058,0.4187938990314442,0.8286489999209807,0.9199131987686747,-0.35745368891316404,0.21001950791495383,0.10761128815071493,-0.8614514706406059,1.3115198478038779
"Susquehanna County, PA",0,-0.420421510606961,-0.4385213263220568,0.43564064645711187,-0.1427492499119432,-0.009822852834362673,-0.3723654560841149,0.5686675225880058,0.4187938990314442,0.2132786755146904,-0.3658611148100354,-0.35745368891316404,-0.42907815238764774,-0.6006620220016633,-1.334552860730608,-1.6529659127143543
TN,1,0.5643343871082641,0.5284249703543881,0.717722121630623,1.197507992451478,0.2706099924096615,-0.5909741999076283,-0.7395534850668439,-0.04659252169900139,0.44798104584728804,0.08875597064711699,1.0372234890395484,0.3335427706690585,0.023094031147710088,0.1849903308777768,-0.1308586834781256
TX,1,0.240283657901333,0.020812817149481095,0.7177221113289343,1.1975079926741887,-0.5234512228296941,-0.08967602887123811,-0.8892842300264746,-0.051941790902799455,-0.821782890909291,0.02024483017808218,5.390331464833254,0.4859310615393326,0.36260914145172696,1.3507284749937145,0.4271416213608954
"Tarrant County, TX",0,-0.420421510606961,-0.4385213263220568,0.1535591677712554,-0.1427492499119432,-2.188112070508228,-1.146612959377573,-2.892976388782477,0.4187938990314442,1.3562470680248064,1.073169383384542,0.057737411154364815,0.08551141143883753,0.3487632131136539,1.4081066245283487,-0.23162678003386492
"Tensas Parish, LA",0,-0.420421510606961,-0.4385213263220568,0.43564064645711187,-0.1427492499119432,1.1393233178357465,-0.07449838806624594,0.5686675225880058,0.4187938990314442,1.3581761286028826,-1.9096917980728159,-0.35745368891316404,2.3545268295964195,1.0430323990763026,0.5588473564038797,0.08954874773758216
"Terrebonne Parish, LA",0,-0.420421510606961,-0.4385213263220568,-0.9747667469721706,-2.8232637471549733,-1.26448845590848,-0.07449838806624594,0.5686675225880058,0.4187938990314442,0.4765954444220843,-0.8981258540273979,-0.33387602877802625,0.8936616213202687,1.149944143294978,0.6576380881834486,1.1034232344556294
"Travis County, TX",0,-0.420421510606961,-0.4385213263220568,0.1535591677712554,-0.1427492499119432,-0.6274789367961469,-0.07449838806624594,0.5686675225880058,0.4187938990314442,-0.3162484531672112,-0.7788639946755894,-0.11207989466530863,-0.518637432965859,-1.9214004917009602,1.4150336984934757,0.8275215562355643
"Tuolumne County, CA",0,-0.420421510606961,-0.4385213263220568,0.43564064645711187,-0.1427492499119432,-0.8433782132953114,-0.14518549451853593,0.5686675225880058,0.4187938990314442,-0.7551097346795345,-1.60092566142026,-0.35745368891316404,-0.08739820799682603,-0.15334582215497988,0.1807001648204534,0.5718556880217881
"Tuscaloosa County, AL",0,-0.420421510606961,-0.4385213263220568,-1.256848225658027,-1.4830064985334581,0.9635395014371552,-0.1302527321991418,-0.03540019863045699,0.4187938990314442,-1.7254272054518356,-0.4845058711775711,-0.35745368891316404,0.44687652333070066,-1.399984799782409,0.682468984089208,1.2364963372731017
"Union Parish, LA",0,-0.420421510606961,-0.4385213263220568,0.43564064645711187,-0.1427492499119432,0.8173913170003437,-0.07449838806624594,0.5686675225880058,0.4187938990314442,0.3878586578305816,-0.1618951632256826,-0.35745368891316404,0.9772001099268355,1.241401498035668,0.21942073211269691,0.9537688485136023
VA,1,1.3274598831948756,1.4377956469643982,0.7177221247504343,1.1975079977770462,-0.36718565700438704,-0.033696784766135086,0.030464813895096234,-3.3042974668121206,-1.107163290178431,1.2796144791317985,1.400268567856263,-0.8913025344847648,-0.9291266644288056,0.6845733099511236,-0.5524251683051247
"Vanderburgh County, IN",0,-0.420421510606961,-0.4385213263220568,-0.692685268286314,-0.1427492499119432,1.380500742769398,-0.02018301890028336,0.5686675225880058,0.4187938990314442,0.6521399570270134,0.27127893505622463,-0.35745368891316404,-0.16202310223912225,-0.05218981829907294,-0.12171101807759346,0.7127814932297603
"Vermilion Parish, LA",0,-0.420421510606961,-0.4385213263220568,0.1535591677712554,-1.4830064985334581,-0.13344625373716673,-0.07449838806624594,0.5686675225880058,0.4187938990314442,-0.5366436242124112,-1.242013199654424,-0.35745368891316404,0.9592082901678198,1.4257211520150461,0.47632636757830005,0.43319508542645974
"Vermillion County, IN",0,-0.420421510606961,-0.4385213263220568,-0.1285223109146011,-0.1427492499119432,0.6606629133019057,-0.07449838806624594,0.5686675225880058,0.4187938990314442,1.0938948294064508,1.0735450112880123,-0.35745368891316404,-0.3549236325181368,1.3173138217178557,-1.559487385587936,-0.6802879108449289
WI,1,0.14337962473514942,0.20771135496232473,0.7177221242653316,1.197507994539645,-1.2137544068963761,-1.6010729086168152,-1.4157296297623028,-3.3042974668121206,0.2132786755146904,1.2796144791317985,0.8611674722559298,-1.1395216587807304,-0.9797875425181517,0.01879171397504851,-0.2839152290348691
WV,1,2.087359195114335,1.4329271325577662,0.7177221207886438,1.1975079927984984,-1.3408492944872188,-0.25641193595879824,-1.2943155582754253,-1.708686881450593,-0.40353844432515695,-0.16001702370833135,0.02908874808910794,0.33841741646944357,-0.25876771465523496,-0.985989437547147,0.12042556889420834
"Wabash County, IN",0,-0.420421510606961,-0.4385213263220568,-0.41060378960045757,-0.1427492499119432,1.2065049253480005,-0.12428229788926146,0.5686675225880058,0.4187938990314442,-2.253025273555661,0.19955278688857794,-0.35745368891316404,-0.4788202423096324,-0.1291445201571954,-1.0815903289066926,-0.4499923118927675
"Ward County, ND",0,-0.420421510606961,-0.4385213263220568,-0.692685268286314,-2.8232637471549733,1.638335286789431,-0.05902587658071733,0.5686675225880058,0.4187938990314442,-1.1962215868662796,-1.5596817176192255,-0.35745368891316404,-1.9650856667161574,-2.2968379181984204,-0.36486907598163787,0.5841179848315686
"Warrick County, IN",0,-0.420421510606961,-0.4385213263220568,-1.256848225658027,-0.1427492499119432,1.4927424250824388,0.1394466161126407,0.5686675225880058,0.4187938990314442,0.4765954444220843,0.9268354844183411,-0.35745368891316404,-2.279789640827776,-0.9278328068743296,-0.8614869940968376,-1.9811182645327454
"Wayne County, IN",0,-0.420421510606961,-0.4385213263220568,-0.41060378960045757,-0.1427492499119432,0.36966835311874935,-0.1537120472769218,0.5686675225880058,0.4187938990314442,-1.5479536322688299,0.01953311415045433,-0.35745368891316404,0.8602180034152745,1.5683909997473002,-0.2535740876086106,0.5389951487876957
"Wayne County, MI",0,1.2014819739453664,2.3025042635982644,0.7177221212074563,1.1975079940348599,-2.1799104637317215,-1.314749741218044,-3.0386720629641872,-0.511978942429447,1.2704038723004178,1.1077271505038062,0.020417018424629275,1.4681298428022493,1.470226168048425,1.1840246626205753,0.3979485327737159
"Wayne County, MO",0,-0.420421510606961,-0.4385213263220568,0.1535591677712554,-0.1427492499119432,-0.9905774389972682,1.2862863687249477,0.5686675225880058,0.4187938990314442,0.8296135302100189,0.7136934797635004,-0.35745368891316404,1.9986180604288593,0.5034430702642855,-1.4597730439463503,-0.0836033399729411
"Weld County, CO",0,-0.420421510606961,-0.4385213263220568,-0.9747667469721706,-0.1427492499119432,-0.41127642903136363,-0.06626538811995862,-3.161784868768152,0.4187938990314442,0.03773416290976122,0.0972880901687989,-0.29656765139046126,-0.3524541670610171,-0.3892858562382465,0.9956437742253744,0.17163969041980864
"West Baton Rouge Parish, LA",0,-0.420421510606961,-0.4385213263220568,0.43564064645711187,-0.1427492499119432,0.8230281090016077,-0.07449838806624594,0.5686675225880058,0.4187938990314442,0.9173857865124835,0.4567639937898405,-0.35745368891316404,0.1684384133607846,0.09025342548189204,0.5491494528527039,1.2054479601291253
"White County, IN",0,-0.420421510606961,-0.4385213263220568,-1.256848225658027,-0.1427492499119432,1.163244640145224,-0.2076445724470195,0.5686675225880058,0.4187938990314442,-0.3162484531672112,0.8382946214574932,-0.35745368891316404,-0.8545552912900684,0.5769987128530563,-0.044909305705271164,-1.743120976697594
"Whitley County, IN",0,-0.420421510606961,-0.4385213263220568,-0.41060378960045757,-0.1427492499119432,1.4841183183021667,0.24849594164486527,0.5686675225880058,0.4187938990314442,-0.13877487998420596,0.8432851064607411,-0.35745368891316404,-1.4775661480434326,-0.39943771325604305,-1.442153409655568,-2.1838992024166557
"Winn Parish, LA",0,-0.420421510606961,-0.4385213263220568,0.43564064645711187,-0.1427492499119432,1.1844378353527742,-0.07449838806624594,0.5686675225880058,0.4187938990314442,1.3581761286028826,-1.9096917980728159,-0.354370714195975,1.343903970949805,1.0999553116403789,0.11515938807349071,0.8117557460515612
"Winnebago County, IL",0,2.90128986509635,1.9224120152121293,0.7177221102470595,1.1975079703995246,0.35043037808502264,-0.09166795533953687,0.47576189373156524,0.4187938990314442,0.47707770956660317,-0.05799648512580795,-0.2965209642104728,0.6514188193361372,1.1782696372062418,0.7960729971172785,-0.02029847762491138
"Wyoming County, PA",0,-0.420421510606961,-0.4385213263220568,0.1535591677712554,-0.1427492499119432,0.14221595457565278,-0.34206029212771527,0.5686675225880058,0.4187938990314442,0.4765954444220843,-0.263878139017859,-0.35745368891316404,-1.2022089902152562,-1.1967210554751777,-1.3191356807261734,-1.2277420782687827
